Year,Month,ensemble_mean_mean,ensemble_mean_max,ensemble_mean_min,ensemble_mean_std_dev,ensemble_max_mean,ensemble_max_max,ensemble_max_min,ensemble_max_std_dev,ensemble_min_mean,ensemble_min_max,ensemble_min_min,ensemble_min_std_dev,ensemble_std_mean,ensemble_std_max,ensemble_std_min,ensemble_std_std_dev,ensemble_p5_mean,ensemble_p5_max,ensemble_p5_min,ensemble_p5_std_dev,ensemble_p25_mean,ensemble_p25_max,ensemble_p25_min,ensemble_p25_std_dev,ensemble_p50_mean,ensemble_p50_max,ensemble_p50_min,ensemble_p50_std_dev,ensemble_p75_mean,ensemble_p75_max,ensemble_p75_min,ensemble_p75_std_dev,ensemble_p95_mean,ensemble_p95_max,ensemble_p95_min,ensemble_p95_std_dev
1993,1,0.0,0.0,0.0,0.0,0.0,0.0,0.0,0.0,0.0,0.0,0.0,0.0,0.0,0.0,0.0,0.0,0.0,0.0,0.0,0.0,0.0,0.0,0.0,0.0,0.0,0.0,0.0,0.0,0.0,0.0,0.0,0.0,0.0,0.0,0.0,0.0
1993,2,0.0,0.0,0.0,0.0,0.0,0.0,0.0,0.0,0.0,0.0,0.0,0.0,0.0,0.0,0.0,0.0,0.0,0.0,0.0,0.0,0.0,0.0,0.0,0.0,0.0,0.0,0.0,0.0,0.0,0.0,0.0,0.0,0.0,0.0,0.0,0.0
1993,3,0.0,0.0,0.0,0.0,0.0,0.0,0.0,0.0,0.0,0.0,0.0,0.0,0.0,0.0,0.0,0.0,0.0,0.0,0.0,0.0,0.0,0.0,0.0,0.0,0.0,0.0,0.0,0.0,0.0,0.0,0.0,0.0,0.0,0.0,0.0,0.0
1993,4,0.0,0.0,0.0,0.0,0.0,0.0,0.0,0.0,0.0,0.0,0.0,0.0,0.0,0.0,0.0,0.0,0.0,0.0,0.0,0.0,0.0,0.0,0.0,0.0,0.0,0.0,0.0,0.0,0.0,0.0,0.0,0.0,0.0,0.0,0.0,0.0
1993,5,0.0,0.0,0.0,0.0,0.0,0.0,0.0,0.0,0.0,0.0,0.0,0.0,0.0,0.0,0.0,0.0,0.0,0.0,0.0,0.0,0.0,0.0,0.0,0.0,0.0,0.0,0.0,0.0,0.0,0.0,0.0,0.0,0.0,0.0,0.0,0.0
1993,6,0.013053613053613054,0.16666666666666666,0.0,0.03227575558167082,0.2727272727272727,4.0,0.0,0.6278147045444319,0.0,0.0,0.0,0.0,0.05490202788392224,0.7340905181848415,0.0,0.12577863955669047,0.0,0.0,0.0,0.0,0.0,0.0,0.0,0.0,0.0,0.0,0.0,0.0,0.0,0.0,0.0,0.0,0.05804195804195792,1.0999999999999943,0.0,0.22027084009184536
1993,7,0.049650349650349646,1.1333333333333333,0.0,0.11512414385490014,0.6993006993006993,6.0,0.0,0.9389397758040309,0.0,0.0,0.0,0.0,0.1559477753733051,1.627540748764494,0.0,0.22398963334757632,0.0,0.0,0.0,0.0,0.0,0.0,0.0,0.0,0.0,0.0,0.0,0.0,0.013986013986013986,2.0,0.0,0.16666259143794385,0.2639860139860135,4.549999999999997,0.0,0.5787738907272922
1993,8,0.055944055944055944,2.566666666666667,0.0,0.2696972719010784,0.3146853146853147,9.0,0.0,1.1672667279845965,0.0,0.0,0.0,0.0,0.08039378424571976,2.246231411844193,0.0,0.29871768469588195,0.003146853146853148,0.4500000000000002,0.0,0.03749908307353738,0.006993006993006993,1.0,0.0,0.08333129571897192,0.024475524475524476,1.5,0.0,0.1706494313554186,0.07517482517482517,3.75,0.0,0.4118385404769353,0.1947552447552446,7.0,0.0,0.8548445506810787
1993,9,0.017016317016317013,0.36666666666666664,0.0,0.05403201055127793,0.25874125874125875,3.0,0.0,0.6866691339258867,0.0,0.0,0.0,0.0,0.056912780802294935,0.8749603165604457,0.0,0.1566979679978899,0.0,0.0,0.0,0.0,0.0,0.0,0.0,0.0,0.0,0.0,0.0,0.0,0.0,0.0,0.0,0.0,0.09615384615384605,2.549999999999997,0.0,0.38037876426450085
1993,10,0.0,0.0,0.0,0.0,0.0,0.0,0.0,0.0,0.0,0.0,0.0,0.0,0.0,0.0,0.0,0.0,0.0,0.0,0.0,0.0,0.0,0.0,0.0,0.0,0.0,0.0,0.0,0.0,0.0,0.0,0.0,0.0,0.0,0.0,0.0,0.0
1993,11,0.0,0.0,0.0,0.0,0.0,0.0,0.0,0.0,0.0,0.0,0.0,0.0,0.0,0.0,0.0,0.0,0.0,0.0,0.0,0.0,0.0,0.0,0.0,0.0,0.0,0.0,0.0,0.0,0.0,0.0,0.0,0.0,0.0,0.0,0.0,0.0
1993,12,0.0,0.0,0.0,0.0,0.0,0.0,0.0,0.0,0.0,0.0,0.0,0.0,0.0,0.0,0.0,0.0,0.0,0.0,0.0,0.0,0.0,0.0,0.0,0.0,0.0,0.0,0.0,0.0,0.0,0.0,0.0,0.0,0.0,0.0,0.0,0.0
1994,1,0.0,0.0,0.0,0.0,0.0,0.0,0.0,0.0,0.0,0.0,0.0,0.0,0.0,0.0,0.0,0.0,0.0,0.0,0.0,0.0,0.0,0.0,0.0,0.0,0.0,0.0,0.0,0.0,0.0,0.0,0.0,0.0,0.0,0.0,0.0,0.0
1994,2,0.0,0.0,0.0,0.0,0.0,0.0,0.0,0.0,0.0,0.0,0.0,0.0,0.0,0.0,0.0,0.0,0.0,0.0,0.0,0.0,0.0,0.0,0.0,0.0,0.0,0.0,0.0,0.0,0.0,0.0,0.0,0.0,0.0,0.0,0.0,0.0
1994,3,0.0,0.0,0.0,0.0,0.0,0.0,0.0,0.0,0.0,0.0,0.0,0.0,0.0,0.0,0.0,0.0,0.0,0.0,0.0,0.0,0.0,0.0,0.0,0.0,0.0,0.0,0.0,0.0,0.0,0.0,0.0,0.0,0.0,0.0,0.0,0.0
1994,4,0.0,0.0,0.0,0.0,0.0,0.0,0.0,0.0,0.0,0.0,0.0,0.0,0.0,0.0,0.0,0.0,0.0,0.0,0.0,0.0,0.0,0.0,0.0,0.0,0.0,0.0,0.0,0.0,0.0,0.0,0.0,0.0,0.0,0.0,0.0,0.0
1994,5,0.0009324009324009324,0.03333333333333333,0.0,0.005496422434755987,0.027972027972027972,1.0,0.0,0.16489267304267965,0.0,0.0,0.0,0.0,0.005021132687304896,0.1795054935711501,0.0,0.029599140660792486,0.0,0.0,0.0,0.0,0.0,0.0,0.0,0.0,0.0,0.0,0.0,0.0,0.0,0.0,0.0,0.0,0.0,0.0,0.0,0.0
1994,6,0.013053613053613054,0.1,0.0,0.026159205663540273,0.3916083916083916,3.0,0.0,0.7847761699062082,0.0,0.0,0.0,0.0,0.07029585762226856,0.5385164807134504,0.0,0.14087163372189063,0.0,0.0,0.0,0.0,0.0,0.0,0.0,0.0,0.0,0.0,0.0,0.0,0.0,0.0,0.0,0.0,0.0,0.0,0.0,0.0
1994,7,0.04638694638694639,1.2,0.0,0.1747474574731125,0.42657342657342656,4.0,0.0,0.7976320767893073,0.02097902097902098,1.0,0.0,0.14331399672670764,0.08833163206379213,0.9574271077563381,0.0,0.1625080520721698,0.02097902097902098,1.0,0.0,0.14331399672670764,0.02097902097902098,1.0,0.0,0.14331399672670764,0.02097902097902098,1.0,0.0,0.14331399672670764,0.026223776223776224,1.0,0.0,0.15564350604234256,0.16048951048951032,3.0,0.0,0.46739320035289755
1994,8,0.8265734265734265,5.433333333333334,0.0,1.165494312334164,2.4265734265734267,8.0,0.0,2.3489009794033686,0.4195804195804196,5.0,0.0,0.7881339154658402,0.46657328481928023,1.5648926125740672,0.0,0.45178757364007754,0.46783216783216786,5.0,0.0,0.8609923855158532,0.583916083916084,5.0,0.0,1.0185963432295486,0.6958041958041958,5.0,0.0,1.1297548546436023,0.9108391608391608,6.0,0.0,1.3543524742401496,1.575874125874125,6.549999999999997,0.0,1.7859088413886377
1994,9,0.0006993006993006993,0.03333333333333333,0.0,0.004777133224223589,0.02097902097902098,1.0,0.0,0.1433139967267077,0.0,0.0,0.0,0.0,0.003765849515478673,0.17950549357115012,0.0,0.025725649718081847,0.0,0.0,0.0,0.0,0.0,0.0,0.0,0.0,0.0,0.0,0.0,0.0,0.0,0.0,0.0,0.0,0.0,0.0,0.0,0.0
1994,10,0.0,0.0,0.0,0.0,0.0,0.0,0.0,0.0,0.0,0.0,0.0,0.0,0.0,0.0,0.0,0.0,0.0,0.0,0.0,0.0,0.0,0.0,0.0,0.0,0.0,0.0,0.0,0.0,0.0,0.0,0.0,0.0,0.0,0.0,0.0,0.0
1994,11,0.0,0.0,0.0,0.0,0.0,0.0,0.0,0.0,0.0,0.0,0.0,0.0,0.0,0.0,0.0,0.0,0.0,0.0,0.0,0.0,0.0,0.0,0.0,0.0,0.0,0.0,0.0,0.0,0.0,0.0,0.0,0.0,0.0,0.0,0.0,0.0
1994,12,0.0,0.0,0.0,0.0,0.0,0.0,0.0,0.0,0.0,0.0,0.0,0.0,0.0,0.0,0.0,0.0,0.0,0.0,0.0,0.0,0.0,0.0,0.0,0.0,0.0,0.0,0.0,0.0,0.0,0.0,0.0,0.0,0.0,0.0,0.0,0.0
1995,1,0.0,0.0,0.0,0.0,0.0,0.0,0.0,0.0,0.0,0.0,0.0,0.0,0.0,0.0,0.0,0.0,0.0,0.0,0.0,0.0,0.0,0.0,0.0,0.0,0.0,0.0,0.0,0.0,0.0,0.0,0.0,0.0,0.0,0.0,0.0,0.0
1995,2,0.0,0.0,0.0,0.0,0.0,0.0,0.0,0.0,0.0,0.0,0.0,0.0,0.0,0.0,0.0,0.0,0.0,0.0,0.0,0.0,0.0,0.0,0.0,0.0,0.0,0.0,0.0,0.0,0.0,0.0,0.0,0.0,0.0,0.0,0.0,0.0
1995,3,0.0,0.0,0.0,0.0,0.0,0.0,0.0,0.0,0.0,0.0,0.0,0.0,0.0,0.0,0.0,0.0,0.0,0.0,0.0,0.0,0.0,0.0,0.0,0.0,0.0,0.0,0.0,0.0,0.0,0.0,0.0,0.0,0.0,0.0,0.0,0.0
1995,4,0.0,0.0,0.0,0.0,0.0,0.0,0.0,0.0,0.0,0.0,0.0,0.0,0.0,0.0,0.0,0.0,0.0,0.0,0.0,0.0,0.0,0.0,0.0,0.0,0.0,0.0,0.0,0.0,0.0,0.0,0.0,0.0,0.0,0.0,0.0,0.0
1995,5,0.0016317016317016317,0.06666666666666667,0.0,0.008201683956064888,0.04895104895104895,2.0,0.0,0.24605051868194663,0.0,0.0,0.0,0.0,0.008786982202783568,0.3590109871423001,0.0,0.044167419799440305,0.0,0.0,0.0,0.0,0.0,0.0,0.0,0.0,0.0,0.0,0.0,0.0,0.0,0.0,0.0,0.0,0.0,0.0,0.0,0.0
1995,6,0.011421911421911422,0.23333333333333334,0.0,0.03324110670391774,0.3076923076923077,5.0,0.0,0.8127546979450425,0.0,0.0,0.0,0.0,0.05576077998684567,0.9195409482755815,0.0,0.14830923949691635,0.0,0.0,0.0,0.0,0.0,0.0,0.0,0.0,0.0,0.0,0.0,0.0,0.0,0.0,0.0,0.0,0.017832167832167813,1.0,0.0,0.12563205161026375
1995,7,0.0627039627039627,0.5,0.0,0.09299384732799602,1.027972027972028,7.0,0.0,1.3788819629500686,0.0,0.0,0.0,0.0,0.21343028335427794,1.3844373104863459,0.0,0.27886431730342615,0.0,0.0,0.0,0.0,0.0,0.0,0.0,0.0,0.0,0.0,0.0,0.0,0.0,0.0,0.0,0.0,0.35209790209790137,2.549999999999997,0.0,0.555735326079727
1995,8,0.22797202797202792,3.3333333333333335,0.0,0.5413966563841209,1.2027972027972027,8.0,0.0,1.6495790544182454,0.06993006993006994,2.0,0.0,0.3049784963266647,0.2643303781820453,1.4360439485692011,0.0,0.3433875346539019,0.08706293706293705,2.45,0.0,0.38247049736366784,0.09965034965034965,3.0,0.0,0.41931081081497446,0.1258741258741259,3.0,0.0,0.4559955352979331,0.2395104895104895,3.75,0.0,0.664979445154046,0.6517482517482512,5.549999999999997,0.0,1.1002767068913675
1995,9,0.003962703962703962,0.1,0.0,0.016485971757656804,0.06993006993006994,2.0,0.0,0.28111540198939555,0.0,0.0,0.0,0.0,0.015609113194086933,0.39581140290126365,0.0,0.062432120953146555,0.0,0.0,0.0,0.0,0.0,0.0,0.0,0.0,0.0,0.0,0.0,0.0,0.0,0.0,0.0,0.0,0.026223776223776123,1.0,0.0,0.1299316883231157
1995,10,0.0,0.0,0.0,0.0,0.0,0.0,0.0,0.0,0.0,0.0,0.0,0.0,0.0,0.0,0.0,0.0,0.0,0.0,0.0,0.0,0.0,0.0,0.0,0.0,0.0,0.0,0.0,0.0,0.0,0.0,0.0,0.0,0.0,0.0,0.0,0.0
1995,11,0.0,0.0,0.0,0.0,0.0,0.0,0.0,0.0,0.0,0.0,0.0,0.0,0.0,0.0,0.0,0.0,0.0,0.0,0.0,0.0,0.0,0.0,0.0,0.0,0.0,0.0,0.0,0.0,0.0,0.0,0.0,0.0,0.0,0.0,0.0,0.0
1995,12,0.0,0.0,0.0,0.0,0.0,0.0,0.0,0.0,0.0,0.0,0.0,0.0,0.0,0.0,0.0,0.0,0.0,0.0,0.0,0.0,0.0,0.0,0.0,0.0,0.0,0.0,0.0,0.0,0.0,0.0,0.0,0.0,0.0,0.0,0.0,0.0
1996,1,0.0,0.0,0.0,0.0,0.0,0.0,0.0,0.0,0.0,0.0,0.0,0.0,0.0,0.0,0.0,0.0,0.0,0.0,0.0,0.0,0.0,0.0,0.0,0.0,0.0,0.0,0.0,0.0,0.0,0.0,0.0,0.0,0.0,0.0,0.0,0.0
1996,2,0.0,0.0,0.0,0.0,0.0,0.0,0.0,0.0,0.0,0.0,0.0,0.0,0.0,0.0,0.0,0.0,0.0,0.0,0.0,0.0,0.0,0.0,0.0,0.0,0.0,0.0,0.0,0.0,0.0,0.0,0.0,0.0,0.0,0.0,0.0,0.0
1996,3,0.0,0.0,0.0,0.0,0.0,0.0,0.0,0.0,0.0,0.0,0.0,0.0,0.0,0.0,0.0,0.0,0.0,0.0,0.0,0.0,0.0,0.0,0.0,0.0,0.0,0.0,0.0,0.0,0.0,0.0,0.0,0.0,0.0,0.0,0.0,0.0
1996,4,0.0,0.0,0.0,0.0,0.0,0.0,0.0,0.0,0.0,0.0,0.0,0.0,0.0,0.0,0.0,0.0,0.0,0.0,0.0,0.0,0.0,0.0,0.0,0.0,0.0,0.0,0.0,0.0,0.0,0.0,0.0,0.0,0.0,0.0,0.0,0.0
1996,5,0.002564102564102564,0.06666666666666667,0.0,0.011203370480837216,0.055944055944055944,1.0,0.0,0.22981366049167806,0.0,0.0,0.0,0.0,0.01150950311336041,0.24944382578492946,0.0,0.04795355847167109,0.0,0.0,0.0,0.0,0.0,0.0,0.0,0.0,0.0,0.0,0.0,0.0,0.0,0.0,0.0,0.0,0.011538461538461478,0.5499999999999972,0.0,0.0788226981996888
1996,6,0.013986013986013986,0.3333333333333333,0.0,0.04008781879105951,0.2727272727272727,3.0,0.0,0.5694042793237001,0.0,0.0,0.0,0.0,0.05509850040327537,0.7453559924999298,0.0,0.12141636228732947,0.0,0.0,0.0,0.0,0.0,0.0,0.0,0.0,0.0,0.0,0.0,0.0,0.0,0.0,0.0,0.0,0.05804195804195792,2.0,0.0,0.25684001916040994
1996,7,0.09067599067599068,2.466666666666667,0.0,0.2554580752215344,0.7972027972027972,6.0,0.0,1.1316146058689556,0.006993006993006993,1.0,0.0,0.08333129571897192,0.17999508173048728,1.559558342038611,0.0,0.26034684697830573,0.013986013986013986,1.0,0.0,0.11743255680941725,0.02097902097902098,2.0,0.0,0.18580881476344646,0.02097902097902098,2.0,0.0,0.18580881476344646,0.08566433566433566,3.0,0.0,0.3411017924080717,0.3538461538461536,4.549999999999997,0.0,0.7228797529122816
1996,8,0.08787878787878788,1.4666666666666666,0.0,0.23099209882804667,0.8951048951048951,6.0,0.0,1.4373308922764172,0.0,0.0,0.0,0.0,0.2031353059005297,1.7838784213679537,0.0,0.34679495242490155,0.0,0.0,0.0,0.0,0.006993006993006993,1.0,0.0,0.0833312957189719,0.024475524475524476,1.0,0.0,0.1487555761271514,0.06818181818181818,2.0,0.0,0.3173064882752783,0.4041958041958035,5.099999999999994,0.0,0.9273900610299196
1996,9,0.005128205128205128,0.1,0.0,0.01686718183228489,0.11188811188811189,2.0,0.0,0.336682604677223,0.0,0.0,0.0,0.0,0.02265173297879407,0.39581140290126365,0.0,0.06906883723259494,0.0,0.0,0.0,0.0,0.0,0.0,0.0,0.0,0.0,0.0,0.0,0.0,0.0,0.0,0.0,0.0,0.022377622377622298,1.0,0.0,0.1222856797473437
1996,10,0.0,0.0,0.0,0.0,0.0,0.0,0.0,0.0,0.0,0.0,0.0,0.0,0.0,0.0,0.0,0.0,0.0,0.0,0.0,0.0,0.0,0.0,0.0,0.0,0.0,0.0,0.0,0.0,0.0,0.0,0.0,0.0,0.0,0.0,0.0,0.0
1996,11,0.0,0.0,0.0,0.0,0.0,0.0,0.0,0.0,0.0,0.0,0.0,0.0,0.0,0.0,0.0,0.0,0.0,0.0,0.0,0.0,0.0,0.0,0.0,0.0,0.0,0.0,0.0,0.0,0.0,0.0,0.0,0.0,0.0,0.0,0.0,0.0
1996,12,0.0,0.0,0.0,0.0,0.0,0.0,0.0,0.0,0.0,0.0,0.0,0.0,0.0,0.0,0.0,0.0,0.0,0.0,0.0,0.0,0.0,0.0,0.0,0.0,0.0,0.0,0.0,0.0,0.0,0.0,0.0,0.0,0.0,0.0,0.0,0.0
1997,1,0.0,0.0,0.0,0.0,0.0,0.0,0.0,0.0,0.0,0.0,0.0,0.0,0.0,0.0,0.0,0.0,0.0,0.0,0.0,0.0,0.0,0.0,0.0,0.0,0.0,0.0,0.0,0.0,0.0,0.0,0.0,0.0,0.0,0.0,0.0,0.0
1997,2,0.0,0.0,0.0,0.0,0.0,0.0,0.0,0.0,0.0,0.0,0.0,0.0,0.0,0.0,0.0,0.0,0.0,0.0,0.0,0.0,0.0,0.0,0.0,0.0,0.0,0.0,0.0,0.0,0.0,0.0,0.0,0.0,0.0,0.0,0.0,0.0
1997,3,0.0,0.0,0.0,0.0,0.0,0.0,0.0,0.0,0.0,0.0,0.0,0.0,0.0,0.0,0.0,0.0,0.0,0.0,0.0,0.0,0.0,0.0,0.0,0.0,0.0,0.0,0.0,0.0,0.0,0.0,0.0,0.0,0.0,0.0,0.0,0.0
1997,4,0.0,0.0,0.0,0.0,0.0,0.0,0.0,0.0,0.0,0.0,0.0,0.0,0.0,0.0,0.0,0.0,0.0,0.0,0.0,0.0,0.0,0.0,0.0,0.0,0.0,0.0,0.0,0.0,0.0,0.0,0.0,0.0,0.0,0.0,0.0,0.0
1997,5,0.0002331002331002331,0.03333333333333333,0.0,0.002777709857299064,0.006993006993006993,1.0,0.0,0.08333129571897192,0.0,0.0,0.0,0.0,0.001255283171826224,0.17950549357115003,0.0,0.014958425367957518,0.0,0.0,0.0,0.0,0.0,0.0,0.0,0.0,0.0,0.0,0.0,0.0,0.0,0.0,0.0,0.0,0.0,0.0,0.0,0.0
1997,6,0.22331002331002334,2.4,0.0,0.4002919479458548,1.2447552447552448,6.0,0.0,1.4781238496553815,0.006993006993006993,1.0,0.0,0.0833312957189719,0.30733507102504204,1.3399834161494524,0.0,0.3643352594974299,0.010139860139860141,1.0,0.0,0.09113876313312018,0.057692307692307696,2.0,0.0,0.2589183857903276,0.11188811188811189,2.0,0.0,0.3519157381842275,0.29545454545454547,3.0,0.0,0.6070941071422874,0.7447552447552441,4.0,0.0,1.008559751458832
1997,7,0.029370629370629373,0.9333333333333333,0.0,0.09456804923505047,0.5454545454545454,5.0,0.0,0.8255303252237038,0.0,0.0,0.0,0.0,0.10615514223195384,1.2631530214330946,0.0,0.179087099252897,0.0,0.0,0.0,0.0,0.0,0.0,0.0,0.0,0.0,0.0,0.0,0.0,0.02097902097902098,2.0,0.0,0.18580881476344646,0.08356643356643338,3.0999999999999943,0.0,0.3898079240017485
1997,8,0.22750582750582748,2.1,0.0,0.38935554677894596,1.3426573426573427,8.0,0.0,1.6046475120196027,0.0,0.0,0.0,0.0,0.3599521861886207,1.9058389811897072,0.0,0.4241441890700637,0.0,0.0,0.0,0.0,0.01048951048951049,1.0,0.0,0.08807441760706293,0.08391608391608392,2.0,0.0,0.32379963364448183,0.2465034965034965,3.0,0.0,0.6187527028873746,0.8779720279720276,5.549999999999997,0.0,1.151247762996731
1997,9,0.3531468531468531,3.7666666666666666,0.0,0.7102451261876522,1.3146853146853146,10.0,0.0,2.1333829480595026,0.02097902097902098,1.0,0.0,0.1433139967267077,0.3166244909266378,2.7898626011567904,0.0,0.510455465796281,0.06538461538461539,1.4500000000000002,0.0,0.24942106177510337,0.1486013986013986,3.0,0.0,0.44174416131284405,0.25524475524475526,4.0,0.0,0.6446854626011632,0.479020979020979,5.0,0.0,0.964626319681781,0.837412587412587,8.549999999999997,0.0,1.5655543549053905
1997,10,0.0,0.0,0.0,0.0,0.0,0.0,0.0,0.0,0.0,0.0,0.0,0.0,0.0,0.0,0.0,0.0,0.0,0.0,0.0,0.0,0.0,0.0,0.0,0.0,0.0,0.0,0.0,0.0,0.0,0.0,0.0,0.0,0.0,0.0,0.0,0.0
1997,11,0.0,0.0,0.0,0.0,0.0,0.0,0.0,0.0,0.0,0.0,0.0,0.0,0.0,0.0,0.0,0.0,0.0,0.0,0.0,0.0,0.0,0.0,0.0,0.0,0.0,0.0,0.0,0.0,0.0,0.0,0.0,0.0,0.0,0.0,0.0,0.0
1997,12,0.0,0.0,0.0,0.0,0.0,0.0,0.0,0.0,0.0,0.0,0.0,0.0,0.0,0.0,0.0,0.0,0.0,0.0,0.0,0.0,0.0,0.0,0.0,0.0,0.0,0.0,0.0,0.0,0.0,0.0,0.0,0.0,0.0,0.0,0.0,0.0
1998,1,0.0,0.0,0.0,0.0,0.0,0.0,0.0,0.0,0.0,0.0,0.0,0.0,0.0,0.0,0.0,0.0,0.0,0.0,0.0,0.0,0.0,0.0,0.0,0.0,0.0,0.0,0.0,0.0,0.0,0.0,0.0,0.0,0.0,0.0,0.0,0.0
1998,2,0.0,0.0,0.0,0.0,0.0,0.0,0.0,0.0,0.0,0.0,0.0,0.0,0.0,0.0,0.0,0.0,0.0,0.0,0.0,0.0,0.0,0.0,0.0,0.0,0.0,0.0,0.0,0.0,0.0,0.0,0.0,0.0,0.0,0.0,0.0,0.0
1998,3,0.0,0.0,0.0,0.0,0.0,0.0,0.0,0.0,0.0,0.0,0.0,0.0,0.0,0.0,0.0,0.0,0.0,0.0,0.0,0.0,0.0,0.0,0.0,0.0,0.0,0.0,0.0,0.0,0.0,0.0,0.0,0.0,0.0,0.0,0.0,0.0
1998,4,0.0,0.0,0.0,0.0,0.0,0.0,0.0,0.0,0.0,0.0,0.0,0.0,0.0,0.0,0.0,0.0,0.0,0.0,0.0,0.0,0.0,0.0,0.0,0.0,0.0,0.0,0.0,0.0,0.0,0.0,0.0,0.0,0.0,0.0,0.0,0.0
1998,5,0.0,0.0,0.0,0.0,0.0,0.0,0.0,0.0,0.0,0.0,0.0,0.0,0.0,0.0,0.0,0.0,0.0,0.0,0.0,0.0,0.0,0.0,0.0,0.0,0.0,0.0,0.0,0.0,0.0,0.0,0.0,0.0,0.0,0.0,0.0,0.0
1998,6,0.010722610722610723,0.26666666666666666,0.0,0.03561020924331584,0.15384615384615385,2.0,0.0,0.37968872616778254,0.0,0.0,0.0,0.0,0.03553440506538526,0.4422166387140532,0.0,0.09242865282150838,0.0,0.0,0.0,0.0,0.0,0.0,0.0,0.0,0.0,0.0,0.0,0.0,0.005244755244755245,0.75,0.0,0.06249847178922895,0.04965034965034961,1.0,0.0,0.20910201808784432
1998,7,0.09836829836829837,0.7666666666666667,0.0,0.1659578714447213,0.916083916083916,6.0,0.0,1.1796437977040304,0.0,0.0,0.0,0.0,0.22906817030871163,1.2631530214330944,0.0,0.3042923239542268,0.0,0.0,0.0,0.0,0.0,0.0,0.0,0.0,0.0,0.0,0.0,0.0,0.07867132867132867,1.0,0.0,0.2618178456157067,0.5132867132867127,3.0,0.0,0.7999552227187038
1998,8,0.10303030303030304,2.066666666666667,0.0,0.2771513739558427,0.7412587412587412,5.0,0.0,1.249969435784579,0.006993006993006993,1.0,0.0,0.08333129571897191,0.18022998798999637,1.4395215254459457,0.0,0.30519278670147393,0.013986013986013986,1.0,0.0,0.11743255680941725,0.022727272727272728,2.0,0.0,0.19591343106837153,0.03496503496503497,2.0,0.0,0.2484240513053372,0.09965034965034965,2.0,0.0,0.37179852538558933,0.437412587412587,4.549999999999997,0.0,0.8408177116219785
1998,9,0.002564102564102564,0.13333333333333333,0.0,0.013699473431156281,0.04895104895104895,1.0,0.0,0.21576571497260857,0.0,0.0,0.0,0.0,0.010397943551609784,0.339934634239519,0.0,0.047557703264033954,0.0,0.0,0.0,0.0,0.0,0.0,0.0,0.0,0.0,0.0,0.0,0.0,0.0,0.0,0.0,0.0,0.01083916083916082,1.0,0.0,0.09482037861501288
1998,10,0.0,0.0,0.0,0.0,0.0,0.0,0.0,0.0,0.0,0.0,0.0,0.0,0.0,0.0,0.0,0.0,0.0,0.0,0.0,0.0,0.0,0.0,0.0,0.0,0.0,0.0,0.0,0.0,0.0,0.0,0.0,0.0,0.0,0.0,0.0,0.0
1998,11,0.0,0.0,0.0,0.0,0.0,0.0,0.0,0.0,0.0,0.0,0.0,0.0,0.0,0.0,0.0,0.0,0.0,0.0,0.0,0.0,0.0,0.0,0.0,0.0,0.0,0.0,0.0,0.0,0.0,0.0,0.0,0.0,0.0,0.0,0.0,0.0
1998,12,0.0,0.0,0.0,0.0,0.0,0.0,0.0,0.0,0.0,0.0,0.0,0.0,0.0,0.0,0.0,0.0,0.0,0.0,0.0,0.0,0.0,0.0,0.0,0.0,0.0,0.0,0.0,0.0,0.0,0.0,0.0,0.0,0.0,0.0,0.0,0.0
1999,1,0.0,0.0,0.0,0.0,0.0,0.0,0.0,0.0,0.0,0.0,0.0,0.0,0.0,0.0,0.0,0.0,0.0,0.0,0.0,0.0,0.0,0.0,0.0,0.0,0.0,0.0,0.0,0.0,0.0,0.0,0.0,0.0,0.0,0.0,0.0,0.0
1999,2,0.0,0.0,0.0,0.0,0.0,0.0,0.0,0.0,0.0,0.0,0.0,0.0,0.0,0.0,0.0,0.0,0.0,0.0,0.0,0.0,0.0,0.0,0.0,0.0,0.0,0.0,0.0,0.0,0.0,0.0,0.0,0.0,0.0,0.0,0.0,0.0
1999,3,0.0,0.0,0.0,0.0,0.0,0.0,0.0,0.0,0.0,0.0,0.0,0.0,0.0,0.0,0.0,0.0,0.0,0.0,0.0,0.0,0.0,0.0,0.0,0.0,0.0,0.0,0.0,0.0,0.0,0.0,0.0,0.0,0.0,0.0,0.0,0.0
1999,4,0.0,0.0,0.0,0.0,0.0,0.0,0.0,0.0,0.0,0.0,0.0,0.0,0.0,0.0,0.0,0.0,0.0,0.0,0.0,0.0,0.0,0.0,0.0,0.0,0.0,0.0,0.0,0.0,0.0,0.0,0.0,0.0,0.0,0.0,0.0,0.0
1999,5,0.0,0.0,0.0,0.0,0.0,0.0,0.0,0.0,0.0,0.0,0.0,0.0,0.0,0.0,0.0,0.0,0.0,0.0,0.0,0.0,0.0,0.0,0.0,0.0,0.0,0.0,0.0,0.0,0.0,0.0,0.0,0.0,0.0,0.0,0.0,0.0
1999,6,0.08974358974358972,0.6666666666666666,0.0,0.1414340346501941,0.986013986013986,6.0,0.0,1.2346173155631295,0.0,0.0,0.0,0.0,0.2362056266199294,1.4452988925785863,0.0,0.3088745427348581,0.0,0.0,0.0,0.0,0.0,0.0,0.0,0.0,0.0,0.0,0.0,0.0,0.03146853146853147,1.0,0.0,0.16690082496311362,0.5097902097902094,3.549999999999997,0.0,0.844485583088315
1999,7,0.10955710955710957,1.6333333333333333,0.0,0.27616033026627806,0.7622377622377622,8.0,0.0,1.3789528912679547,0.013986013986013986,1.0,0.0,0.11743255680941726,0.1728666370097833,2.040969268645551,0.0,0.31032571919493557,0.027972027972027972,1.0,0.0,0.16489267304267965,0.02972027972027972,1.0,0.0,0.16590899879885732,0.06293706293706294,1.0,0.0,0.2428497252333614,0.09265734265734266,2.75,0.0,0.37360266663397285,0.40629370629370587,6.099999999999994,0.0,0.8191942812178127
1999,8,1.4808857808857807,8.266666666666667,0.0,1.4868576790462376,4.216783216783217,17.0,0.0,3.5124948998591456,0.2727272727272727,4.0,0.0,0.605127486791159,0.974753673926877,3.0324174441451093,0.0,0.7389768747380409,0.3982517482517482,4.0,0.0,0.6943682691959464,0.7657342657342657,6.25,0.0,1.0259810174980915,1.3111888111888113,8.0,0.0,1.4554025178025012,1.93006993006993,10.0,0.0,1.8685859043199144,3.2321678321678307,14.199999999999989,0.0,2.829912682401026
1999,9,0.08927738927738928,0.8,0.0,0.16318514749712396,0.9300699300699301,6.0,0.0,1.3975520539005097,0.0,0.0,0.0,0.0,0.21800402356809592,1.6206994374857626,0.0,0.33052941243339884,0.0,0.0,0.0,0.0,0.0,0.0,0.0,0.0,0.01048951048951049,1.0,0.0,0.09290440738172323,0.07167832167832168,1.0,0.0,0.25021385542398383,0.4307692307692301,5.0,0.0,0.8518988062652689
1999,10,0.0,0.0,0.0,0.0,0.0,0.0,0.0,0.0,0.0,0.0,0.0,0.0,0.0,0.0,0.0,0.0,0.0,0.0,0.0,0.0,0.0,0.0,0.0,0.0,0.0,0.0,0.0,0.0,0.0,0.0,0.0,0.0,0.0,0.0,0.0,0.0
1999,11,0.0,0.0,0.0,0.0,0.0,0.0,0.0,0.0,0.0,0.0,0.0,0.0,0.0,0.0,0.0,0.0,0.0,0.0,0.0,0.0,0.0,0.0,0.0,0.0,0.0,0.0,0.0,0.0,0.0,0.0,0.0,0.0,0.0,0.0,0.0,0.0
1999,12,0.0,0.0,0.0,0.0,0.0,0.0,0.0,0.0,0.0,0.0,0.0,0.0,0.0,0.0,0.0,0.0,0.0,0.0,0.0,0.0,0.0,0.0,0.0,0.0,0.0,0.0,0.0,0.0,0.0,0.0,0.0,0.0,0.0,0.0,0.0,0.0
2000,1,0.0,0.0,0.0,0.0,0.0,0.0,0.0,0.0,0.0,0.0,0.0,0.0,0.0,0.0,0.0,0.0,0.0,0.0,0.0,0.0,0.0,0.0,0.0,0.0,0.0,0.0,0.0,0.0,0.0,0.0,0.0,0.0,0.0,0.0,0.0,0.0
2000,2,0.0,0.0,0.0,0.0,0.0,0.0,0.0,0.0,0.0,0.0,0.0,0.0,0.0,0.0,0.0,0.0,0.0,0.0,0.0,0.0,0.0,0.0,0.0,0.0,0.0,0.0,0.0,0.0,0.0,0.0,0.0,0.0,0.0,0.0,0.0,0.0
2000,3,0.0,0.0,0.0,0.0,0.0,0.0,0.0,0.0,0.0,0.0,0.0,0.0,0.0,0.0,0.0,0.0,0.0,0.0,0.0,0.0,0.0,0.0,0.0,0.0,0.0,0.0,0.0,0.0,0.0,0.0,0.0,0.0,0.0,0.0,0.0,0.0
2000,4,0.0,0.0,0.0,0.0,0.0,0.0,0.0,0.0,0.0,0.0,0.0,0.0,0.0,0.0,0.0,0.0,0.0,0.0,0.0,0.0,0.0,0.0,0.0,0.0,0.0,0.0,0.0,0.0,0.0,0.0,0.0,0.0,0.0,0.0,0.0,0.0
2000,5,0.0004662004662004662,0.03333333333333333,0.0,0.003914418560313908,0.013986013986013986,1.0,0.0,0.11743255680941726,0.0,0.0,0.0,0.0,0.0025105663436524477,0.17950549357115,0.0,0.021079789071396557,0.0,0.0,0.0,0.0,0.0,0.0,0.0,0.0,0.0,0.0,0.0,0.0,0.0,0.0,0.0,0.0,0.0,0.0,0.0,0.0
2000,6,0.020512820512820513,0.36666666666666664,0.0,0.04906635326669018,0.4405594405594406,3.0,0.0,0.7899931629550796,0.0,0.0,0.0,0.0,0.08433103400315987,0.6574360974438672,0.0,0.1521848447642148,0.0,0.0,0.0,0.0,0.0,0.0,0.0,0.0,0.0,0.0,0.0,0.0,0.012237762237762238,1.0,0.0,0.103811418456668,0.05174825174825159,1.0,0.0,0.18768115606820338
2000,7,0.08764568764568766,3.8333333333333335,0.0,0.39999375134354564,0.6503496503496503,9.0,0.0,1.2968964635564368,0.006993006993006993,1.0,0.0,0.08333129571897192,0.15298579796132544,2.4369835635245654,0.0,0.3373628355946661,0.006993006993006993,1.0,0.0,0.08333129571897192,0.02097902097902098,2.0,0.0,0.18580881476344646,0.03496503496503497,3.0,0.0,0.29947710636872527,0.08916083916083917,5.0,0.0,0.551068252475144,0.32097902097902065,8.549999999999997,0.0,1.0468469572996009
2000,8,0.05850815850815851,1.1333333333333333,0.0,0.13479483291593855,0.7272727272727273,6.0,0.0,0.9400328679108523,0.0,0.0,0.0,0.0,0.16760835109806294,1.3597385369580761,0.0,0.22637798033761544,0.0,0.0,0.0,0.0,0.0,0.0,0.0,0.0,0.006993006993006993,1.0,0.0,0.08333129571897192,0.026223776223776224,2.0,0.0,0.1954761237572679,0.3195804195804189,3.549999999999997,0.0,0.6006125941802545
2000,9,0.05641025641025641,1.7333333333333334,0.0,0.2145894969528993,0.3986013986013986,5.0,0.0,0.9833570312491465,0.0,0.0,0.0,0.0,0.09876563264461673,1.451436070471816,0.0,0.2549978521220589,0.0,0.0,0.0,0.0,0.006993006993006993,1.0,0.0,0.08333129571897191,0.013986013986013986,1.0,0.0,0.11743255680941726,0.06643356643356643,2.75,0.0,0.3291638178979498,0.2286713286713284,4.549999999999997,0.0,0.7191800281947337
2000,10,0.0,0.0,0.0,0.0,0.0,0.0,0.0,0.0,0.0,0.0,0.0,0.0,0.0,0.0,0.0,0.0,0.0,0.0,0.0,0.0,0.0,0.0,0.0,0.0,0.0,0.0,0.0,0.0,0.0,0.0,0.0,0.0,0.0,0.0,0.0,0.0
2000,11,0.0,0.0,0.0,0.0,0.0,0.0,0.0,0.0,0.0,0.0,0.0,0.0,0.0,0.0,0.0,0.0,0.0,0.0,0.0,0.0,0.0,0.0,0.0,0.0,0.0,0.0,0.0,0.0,0.0,0.0,0.0,0.0,0.0,0.0,0.0,0.0
2000,12,0.0,0.0,0.0,0.0,0.0,0.0,0.0,0.0,0.0,0.0,0.0,0.0,0.0,0.0,0.0,0.0,0.0,0.0,0.0,0.0,0.0,0.0,0.0,0.0,0.0,0.0,0.0,0.0,0.0,0.0,0.0,0.0,0.0,0.0,0.0,0.0
2001,1,0.0,0.0,0.0,0.0,0.0,0.0,0.0,0.0,0.0,0.0,0.0,0.0,0.0,0.0,0.0,0.0,0.0,0.0,0.0,0.0,0.0,0.0,0.0,0.0,0.0,0.0,0.0,0.0,0.0,0.0,0.0,0.0,0.0,0.0,0.0,0.0
2001,2,0.0,0.0,0.0,0.0,0.0,0.0,0.0,0.0,0.0,0.0,0.0,0.0,0.0,0.0,0.0,0.0,0.0,0.0,0.0,0.0,0.0,0.0,0.0,0.0,0.0,0.0,0.0,0.0,0.0,0.0,0.0,0.0,0.0,0.0,0.0,0.0
2001,3,0.0,0.0,0.0,0.0,0.0,0.0,0.0,0.0,0.0,0.0,0.0,0.0,0.0,0.0,0.0,0.0,0.0,0.0,0.0,0.0,0.0,0.0,0.0,0.0,0.0,0.0,0.0,0.0,0.0,0.0,0.0,0.0,0.0,0.0,0.0,0.0
2001,4,0.0,0.0,0.0,0.0,0.0,0.0,0.0,0.0,0.0,0.0,0.0,0.0,0.0,0.0,0.0,0.0,0.0,0.0,0.0,0.0,0.0,0.0,0.0,0.0,0.0,0.0,0.0,0.0,0.0,0.0,0.0,0.0,0.0,0.0,0.0,0.0
2001,5,0.0,0.0,0.0,0.0,0.0,0.0,0.0,0.0,0.0,0.0,0.0,0.0,0.0,0.0,0.0,0.0,0.0,0.0,0.0,0.0,0.0,0.0,0.0,0.0,0.0,0.0,0.0,0.0,0.0,0.0,0.0,0.0,0.0,0.0,0.0,0.0
2001,6,0.004895104895104895,0.13333333333333333,0.0,0.01804683622456495,0.09090909090909091,1.0,0.0,0.2874797872880344,0.0,0.0,0.0,0.0,0.019750420001143413,0.33993463423951903,0.0,0.06446220175601342,0.0,0.0,0.0,0.0,0.0,0.0,0.0,0.0,0.0,0.0,0.0,0.0,0.0,0.0,0.0,0.0,0.025524475524475464,1.0,0.0,0.14028780767182955
2001,7,0.20512820512820515,3.8666666666666667,0.0,0.43241444069400603,1.7832167832167831,10.0,0.0,1.8815997513641705,0.006993006993006993,1.0,0.0,0.08333129571897192,0.4240965419495031,2.6204325342711394,0.0,0.4497456005737638,0.017132867132867134,2.0,0.0,0.17057132453000243,0.02097902097902098,2.0,0.0,0.18580881476344646,0.045454545454545456,3.5,0.0,0.3443301539611239,0.13986013986013987,5.0,0.0,0.5820917021139457,1.0017482517482506,8.099999999999994,0.0,1.320539895249096
2001,8,0.44685314685314687,11.866666666666667,0.0,1.2944339497959814,2.097902097902098,19.0,0.0,2.684622579806999,0.16083916083916083,7.0,0.0,0.7540135003739317,0.4798546219884109,2.7896634603876898,0.0,0.5385848606213042,0.17097902097902098,8.0,0.0,0.8232719258516866,0.20279720279720279,10.0,0.0,1.048204862800097,0.24825174825174826,11.5,0.0,1.214530508551859,0.4807692307692308,14.0,0.0,1.582265383539803,1.3283216783216774,16.549999999999997,0.0,2.1482352445097406
2001,9,0.021911421911421914,0.4,0.0,0.0652655677177821,0.26573426573426573,4.0,0.0,0.6363252120882419,0.0,0.0,0.0,0.0,0.05940016478886212,0.8,0.0,0.14365355751870607,0.0,0.0,0.0,0.0,0.0,0.0,0.0,0.0,0.0,0.0,0.0,0.0,0.017482517482517484,1.0,0.0,0.12064203845514763,0.09160839160839157,1.0,0.0,0.2824088449991903
2001,10,0.0,0.0,0.0,0.0,0.0,0.0,0.0,0.0,0.0,0.0,0.0,0.0,0.0,0.0,0.0,0.0,0.0,0.0,0.0,0.0,0.0,0.0,0.0,0.0,0.0,0.0,0.0,0.0,0.0,0.0,0.0,0.0,0.0,0.0,0.0,0.0
2001,11,0.0,0.0,0.0,0.0,0.0,0.0,0.0,0.0,0.0,0.0,0.0,0.0,0.0,0.0,0.0,0.0,0.0,0.0,0.0,0.0,0.0,0.0,0.0,0.0,0.0,0.0,0.0,0.0,0.0,0.0,0.0,0.0,0.0,0.0,0.0,0.0
2001,12,0.0,0.0,0.0,0.0,0.0,0.0,0.0,0.0,0.0,0.0,0.0,0.0,0.0,0.0,0.0,0.0,0.0,0.0,0.0,0.0,0.0,0.0,0.0,0.0,0.0,0.0,0.0,0.0,0.0,0.0,0.0,0.0,0.0,0.0,0.0,0.0
2002,1,0.0,0.0,0.0,0.0,0.0,0.0,0.0,0.0,0.0,0.0,0.0,0.0,0.0,0.0,0.0,0.0,0.0,0.0,0.0,0.0,0.0,0.0,0.0,0.0,0.0,0.0,0.0,0.0,0.0,0.0,0.0,0.0,0.0,0.0,0.0,0.0
2002,2,0.0,0.0,0.0,0.0,0.0,0.0,0.0,0.0,0.0,0.0,0.0,0.0,0.0,0.0,0.0,0.0,0.0,0.0,0.0,0.0,0.0,0.0,0.0,0.0,0.0,0.0,0.0,0.0,0.0,0.0,0.0,0.0,0.0,0.0,0.0,0.0
2002,3,0.0,0.0,0.0,0.0,0.0,0.0,0.0,0.0,0.0,0.0,0.0,0.0,0.0,0.0,0.0,0.0,0.0,0.0,0.0,0.0,0.0,0.0,0.0,0.0,0.0,0.0,0.0,0.0,0.0,0.0,0.0,0.0,0.0,0.0,0.0,0.0
2002,4,0.0,0.0,0.0,0.0,0.0,0.0,0.0,0.0,0.0,0.0,0.0,0.0,0.0,0.0,0.0,0.0,0.0,0.0,0.0,0.0,0.0,0.0,0.0,0.0,0.0,0.0,0.0,0.0,0.0,0.0,0.0,0.0,0.0,0.0,0.0,0.0
2002,5,0.0,0.0,0.0,0.0,0.0,0.0,0.0,0.0,0.0,0.0,0.0,0.0,0.0,0.0,0.0,0.0,0.0,0.0,0.0,0.0,0.0,0.0,0.0,0.0,0.0,0.0,0.0,0.0,0.0,0.0,0.0,0.0,0.0,0.0,0.0,0.0
2002,6,0.03752913752913753,0.4,0.0,0.0799054543171921,0.5244755244755245,5.0,0.0,0.9953188885781226,0.0,0.0,0.0,0.0,0.11661320784040277,0.9826268648655782,0.0,0.22084205244251692,0.0,0.0,0.0,0.0,0.0,0.0,0.0,0.0,0.0,0.0,0.0,0.0,0.0,0.0,0.0,0.0,0.2286713286713284,2.549999999999997,0.0,0.5186214078713197
2002,7,0.9552447552447552,17.666666666666668,0.0,1.9019766632598722,3.6713286713286712,25.0,0.0,3.5117708635770737,0.09090909090909091,7.0,0.0,0.7184782958904237,0.965434063165374,4.035949564710749,0.0,0.8297662624227242,0.14545454545454545,11.45,0.0,1.115339784705303,0.23601398601398602,15.25,0.0,1.5092304063279438,0.6293706293706294,18.0,0.0,1.9375867106365248,1.3951048951048952,20.75,0.0,2.429857363546024,2.708391608391607,24.0,0.0,3.075120021615769
2002,8,0.36526806526806527,4.333333333333333,0.0,0.8164953830737773,1.8601398601398602,11.0,0.0,2.1985417881916995,0.055944055944055944,2.0,0.0,0.28422939066995206,0.40291907657106396,2.2133433734712042,0.0,0.4519263372678314,0.09265734265734267,2.45,0.0,0.3858039486342121,0.1555944055944056,3.0,0.0,0.5521763962323228,0.24475524475524477,4.0,0.0,0.7706756931491704,0.42132867132867136,5.0,0.0,1.0620683328879594,0.9716783216783208,8.099999999999994,0.0,1.5152668236560534
2002,9,0.008391608391608392,0.36666666666666664,0.0,0.03911780297030353,0.1048951048951049,2.0,0.0,0.32844807177111546,0.0,0.0,0.0,0.0,0.024746323189015585,0.48189440982669857,0.0,0.08151568404799193,0.0,0.0,0.0,0.0,0.0,0.0,0.0,0.0,0.0,0.0,0.0,0.0,0.006993006993006993,1.0,0.0,0.08333129571897191,0.02867132867132863,1.0,0.0,0.15616576168293364
2002,10,0.0,0.0,0.0,0.0,0.0,0.0,0.0,0.0,0.0,0.0,0.0,0.0,0.0,0.0,0.0,0.0,0.0,0.0,0.0,0.0,0.0,0.0,0.0,0.0,0.0,0.0,0.0,0.0,0.0,0.0,0.0,0.0,0.0,0.0,0.0,0.0
2002,11,0.0,0.0,0.0,0.0,0.0,0.0,0.0,0.0,0.0,0.0,0.0,0.0,0.0,0.0,0.0,0.0,0.0,0.0,0.0,0.0,0.0,0.0,0.0,0.0,0.0,0.0,0.0,0.0,0.0,0.0,0.0,0.0,0.0,0.0,0.0,0.0
2002,12,0.0,0.0,0.0,0.0,0.0,0.0,0.0,0.0,0.0,0.0,0.0,0.0,0.0,0.0,0.0,0.0,0.0,0.0,0.0,0.0,0.0,0.0,0.0,0.0,0.0,0.0,0.0,0.0,0.0,0.0,0.0,0.0,0.0,0.0,0.0,0.0
2003,1,0.0,0.0,0.0,0.0,0.0,0.0,0.0,0.0,0.0,0.0,0.0,0.0,0.0,0.0,0.0,0.0,0.0,0.0,0.0,0.0,0.0,0.0,0.0,0.0,0.0,0.0,0.0,0.0,0.0,0.0,0.0,0.0,0.0,0.0,0.0,0.0
2003,2,0.0,0.0,0.0,0.0,0.0,0.0,0.0,0.0,0.0,0.0,0.0,0.0,0.0,0.0,0.0,0.0,0.0,0.0,0.0,0.0,0.0,0.0,0.0,0.0,0.0,0.0,0.0,0.0,0.0,0.0,0.0,0.0,0.0,0.0,0.0,0.0
2003,3,0.0,0.0,0.0,0.0,0.0,0.0,0.0,0.0,0.0,0.0,0.0,0.0,0.0,0.0,0.0,0.0,0.0,0.0,0.0,0.0,0.0,0.0,0.0,0.0,0.0,0.0,0.0,0.0,0.0,0.0,0.0,0.0,0.0,0.0,0.0,0.0
2003,4,0.0,0.0,0.0,0.0,0.0,0.0,0.0,0.0,0.0,0.0,0.0,0.0,0.0,0.0,0.0,0.0,0.0,0.0,0.0,0.0,0.0,0.0,0.0,0.0,0.0,0.0,0.0,0.0,0.0,0.0,0.0,0.0,0.0,0.0,0.0,0.0
2003,5,0.0018648018648018648,0.06666666666666667,0.0,0.008615253432436515,0.055944055944055944,2.0,0.0,0.25845760297309545,0.0,0.0,0.0,0.0,0.010042265374609796,0.3590109871423001,0.0,0.04639455958890186,0.0,0.0,0.0,0.0,0.0,0.0,0.0,0.0,0.0,0.0,0.0,0.0,0.0,0.0,0.0,0.0,0.0,0.0,0.0,0.0
2003,6,0.1233100233100233,1.3,0.0,0.2432311298292755,1.1398601398601398,8.0,0.0,1.6455126461230947,0.0,0.0,0.0,0.0,0.2672071880083974,1.8571184369578828,0.0,0.4026896847888068,0.0,0.0,0.0,0.0,0.0,0.0,0.0,0.0,0.006993006993006993,0.5,0.0,0.058716278404708624,0.09965034965034965,2.0,0.0,0.3372812164994876,0.5807692307692301,4.549999999999997,0.0,1.0520696066492325
2003,7,0.13170163170163168,3.466666666666667,0.0,0.36212119336515813,1.167832167832168,12.0,0.0,1.7137290709081525,0.0,0.0,0.0,0.0,0.27433418499591916,2.801586851926759,0.0,0.41340339996695835,0.0,0.0,0.0,0.0,0.006993006993006993,1.0,0.0,0.08333129571897192,0.038461538461538464,3.5,0.0,0.3348986021104526,0.10664335664335664,4.75,0.0,0.5391082303158868,0.6062937062937056,8.549999999999997,0.0,1.1479210020830373
2003,8,2.220979020979021,10.066666666666666,0.0,2.428449863284729,5.4125874125874125,20.0,0.0,4.170037432255852,0.7062937062937062,5.0,0.0,1.3783144050075433,1.1437259496221566,2.888482877451991,0.0,0.7067790601076012,0.9237762237762237,7.0,0.0,1.6628692046827507,1.4038461538461537,8.0,0.0,2.043008518949246,2.041958041958042,10.0,0.0,2.448416430923985,2.769230769230769,11.75,0.0,2.770044072488519,4.146503496503495,15.099999999999994,0.0,3.507936308585528
2003,9,0.10536130536130535,0.9666666666666667,0.0,0.16820503775601123,1.3426573426573427,8.0,0.0,1.8401310956069168,0.0,0.0,0.0,0.0,0.2887562907477658,1.7220788470785982,0.0,0.37624663386576185,0.0,0.0,0.0,0.0,0.0,0.0,0.0,0.0,0.0,0.0,0.0,0.0,0.05419580419580419,1.0,0.0,0.22348921717207168,0.5017482517482512,4.099999999999994,0.0,0.7671902369684718
2003,10,0.0,0.0,0.0,0.0,0.0,0.0,0.0,0.0,0.0,0.0,0.0,0.0,0.0,0.0,0.0,0.0,0.0,0.0,0.0,0.0,0.0,0.0,0.0,0.0,0.0,0.0,0.0,0.0,0.0,0.0,0.0,0.0,0.0,0.0,0.0,0.0
2003,11,0.0,0.0,0.0,0.0,0.0,0.0,0.0,0.0,0.0,0.0,0.0,0.0,0.0,0.0,0.0,0.0,0.0,0.0,0.0,0.0,0.0,0.0,0.0,0.0,0.0,0.0,0.0,0.0,0.0,0.0,0.0,0.0,0.0,0.0,0.0,0.0
2003,12,0.0,0.0,0.0,0.0,0.0,0.0,0.0,0.0,0.0,0.0,0.0,0.0,0.0,0.0,0.0,0.0,0.0,0.0,0.0,0.0,0.0,0.0,0.0,0.0,0.0,0.0,0.0,0.0,0.0,0.0,0.0,0.0,0.0,0.0,0.0,0.0
2004,1,0.0,0.0,0.0,0.0,0.0,0.0,0.0,0.0,0.0,0.0,0.0,0.0,0.0,0.0,0.0,0.0,0.0,0.0,0.0,0.0,0.0,0.0,0.0,0.0,0.0,0.0,0.0,0.0,0.0,0.0,0.0,0.0,0.0,0.0,0.0,0.0
2004,2,0.0,0.0,0.0,0.0,0.0,0.0,0.0,0.0,0.0,0.0,0.0,0.0,0.0,0.0,0.0,0.0,0.0,0.0,0.0,0.0,0.0,0.0,0.0,0.0,0.0,0.0,0.0,0.0,0.0,0.0,0.0,0.0,0.0,0.0,0.0,0.0
2004,3,0.0,0.0,0.0,0.0,0.0,0.0,0.0,0.0,0.0,0.0,0.0,0.0,0.0,0.0,0.0,0.0,0.0,0.0,0.0,0.0,0.0,0.0,0.0,0.0,0.0,0.0,0.0,0.0,0.0,0.0,0.0,0.0,0.0,0.0,0.0,0.0
2004,4,0.0,0.0,0.0,0.0,0.0,0.0,0.0,0.0,0.0,0.0,0.0,0.0,0.0,0.0,0.0,0.0,0.0,0.0,0.0,0.0,0.0,0.0,0.0,0.0,0.0,0.0,0.0,0.0,0.0,0.0,0.0,0.0,0.0,0.0,0.0,0.0
2004,5,0.0,0.0,0.0,0.0,0.0,0.0,0.0,0.0,0.0,0.0,0.0,0.0,0.0,0.0,0.0,0.0,0.0,0.0,0.0,0.0,0.0,0.0,0.0,0.0,0.0,0.0,0.0,0.0,0.0,0.0,0.0,0.0,0.0,0.0,0.0,0.0
2004,6,0.022843822843822845,0.3333333333333333,0.0,0.06434410944200486,0.32867132867132864,3.0,0.0,0.75518000240413,0.0,0.0,0.0,0.0,0.07217375819854167,0.7888106377466153,0.0,0.17114258127752116,0.0,0.0,0.0,0.0,0.0,0.0,0.0,0.0,0.0,0.0,0.0,0.0,0.0,0.0,0.0,0.0,0.12447552447552415,2.0999999999999943,0.0,0.3871568922170415
2004,7,0.12680652680652682,2.466666666666667,0.0,0.3628913233039245,1.013986013986014,7.0,0.0,1.5327931175025324,0.013986013986013986,1.0,0.0,0.11743255680941726,0.21341967332266748,1.4772346537440226,0.0,0.33472875680189695,0.017132867132867134,1.0,0.0,0.12291689373680666,0.022727272727272728,1.25,0.0,0.15619237653281157,0.06293706293706294,2.0,0.0,0.29486949150081143,0.12937062937062938,3.0,0.0,0.4710622080921063,0.3793706293706291,5.0,0.0,0.9024312280584753
2004,8,1.5414918414918415,12.3,0.0,2.325431898904955,3.3986013986013988,19.0,0.0,3.708127267789486,0.4755244755244755,9.0,0.0,1.403453123186296,0.7648027953108938,2.4166091947189146,0.0,0.6684787102606521,0.5916083916083915,9.0,0.0,1.503771319818011,1.0,10.25,0.0,1.953569442439548,1.4230769230769231,12.0,0.0,2.329731588360153,1.9685314685314685,13.75,0.0,2.7379531321600155,2.8045454545454542,15.549999999999997,0.0,3.2358617116874218
2004,9,0.2303030303030303,4.0,0.0,0.6460435934556212,0.7972027972027972,8.0,0.0,1.5580130818029414,0.02097902097902098,1.0,0.0,0.14331399672670764,0.19617139807905523,1.6316317667360554,0.0,0.3443991865114172,0.051398601398601404,2.0,0.0,0.2789806655420689,0.11888111888111888,3.0,0.0,0.48023174023466847,0.17482517482517482,4.0,0.0,0.6037723522588974,0.29545454545454547,4.0,0.0,0.8159448830219408,0.5286713286713284,6.549999999999997,0.0,1.1586175978850841
2004,10,0.0037296037296037296,0.4666666666666667,0.0,0.03924400094309549,0.013986013986013986,1.0,0.0,0.11743255680941726,0.0,0.0,0.0,0.0,0.0052330872542292895,0.498887651569859,0.0,0.04634886161915736,0.0,0.0,0.0,0.0,0.0,0.0,0.0,0.0,0.0,0.0,0.0,0.0,0.006993006993006993,1.0,0.0,0.08333129571897191,0.01083916083916082,1.0,0.0,0.0948203786150129
2004,11,0.0,0.0,0.0,0.0,0.0,0.0,0.0,0.0,0.0,0.0,0.0,0.0,0.0,0.0,0.0,0.0,0.0,0.0,0.0,0.0,0.0,0.0,0.0,0.0,0.0,0.0,0.0,0.0,0.0,0.0,0.0,0.0,0.0,0.0,0.0,0.0
2004,12,0.0,0.0,0.0,0.0,0.0,0.0,0.0,0.0,0.0,0.0,0.0,0.0,0.0,0.0,0.0,0.0,0.0,0.0,0.0,0.0,0.0,0.0,0.0,0.0,0.0,0.0,0.0,0.0,0.0,0.0,0.0,0.0,0.0,0.0,0.0,0.0
2005,1,0.0,0.0,0.0,0.0,0.0,0.0,0.0,0.0,0.0,0.0,0.0,0.0,0.0,0.0,0.0,0.0,0.0,0.0,0.0,0.0,0.0,0.0,0.0,0.0,0.0,0.0,0.0,0.0,0.0,0.0,0.0,0.0,0.0,0.0,0.0,0.0
2005,2,0.0,0.0,0.0,0.0,0.0,0.0,0.0,0.0,0.0,0.0,0.0,0.0,0.0,0.0,0.0,0.0,0.0,0.0,0.0,0.0,0.0,0.0,0.0,0.0,0.0,0.0,0.0,0.0,0.0,0.0,0.0,0.0,0.0,0.0,0.0,0.0
2005,3,0.0,0.0,0.0,0.0,0.0,0.0,0.0,0.0,0.0,0.0,0.0,0.0,0.0,0.0,0.0,0.0,0.0,0.0,0.0,0.0,0.0,0.0,0.0,0.0,0.0,0.0,0.0,0.0,0.0,0.0,0.0,0.0,0.0,0.0,0.0,0.0
2005,4,0.0,0.0,0.0,0.0,0.0,0.0,0.0,0.0,0.0,0.0,0.0,0.0,0.0,0.0,0.0,0.0,0.0,0.0,0.0,0.0,0.0,0.0,0.0,0.0,0.0,0.0,0.0,0.0,0.0,0.0,0.0,0.0,0.0,0.0,0.0,0.0
2005,5,0.0002331002331002331,0.03333333333333333,0.0,0.0027777098572990635,0.006993006993006993,1.0,0.0,0.0833312957189719,0.0,0.0,0.0,0.0,0.001255283171826224,0.17950549357115006,0.0,0.014958425367957514,0.0,0.0,0.0,0.0,0.0,0.0,0.0,0.0,0.0,0.0,0.0,0.0,0.0,0.0,0.0,0.0,0.0,0.0,0.0,0.0
2005,6,0.005594405594405594,0.1,0.0,0.017623364262411005,0.11188811188811189,1.0,0.0,0.31522874600236767,0.0,0.0,0.0,0.0,0.023726085586372153,0.30000000000000004,0.0,0.06848064044146633,0.0,0.0,0.0,0.0,0.0,0.0,0.0,0.0,0.0,0.0,0.0,0.0,0.0,0.0,0.0,0.0,0.02937062937062929,1.0,0.0,0.14691806756803427
2005,7,0.2888111888111888,3.2666666666666666,0.0,0.5351505180932253,1.6503496503496504,9.0,0.0,1.7591270135418322,0.0,0.0,0.0,0.0,0.433514525620818,2.5024432505497947,0.0,0.4886416609144925,0.0,0.0,0.0,0.0,0.03671328671328671,2.0,0.0,0.22701706976199695,0.12237762237762238,3.0,0.0,0.4550293282516767,0.38986013986013984,4.75,0.0,0.8793584645128915,1.0548951048951043,7.549999999999997,0.0,1.4187593650264172
2005,8,0.0979020979020979,2.3666666666666667,0.0,0.34827171878345065,0.4825174825174825,7.0,0.0,1.1084743301508844,0.006993006993006993,1.0,0.0,0.08333129571897192,0.12051069009296786,1.9000000000000001,0.0,0.28896988009087504,0.013986013986013986,2.0,0.0,0.16666259143794385,0.027972027972027972,2.0,0.0,0.20291773606359315,0.07342657342657342,2.0,0.0,0.30701610375545724,0.11713286713286714,3.0,0.0,0.4587953554151576,0.28846153846153816,6.0,0.0,0.8668061362792366
2005,9,0.0927738927738928,2.5,0.0,0.4012052521992052,0.1888111888111888,5.0,0.0,0.7567971613129335,0.06993006993006994,2.0,0.0,0.3478274158166683,0.031329153476461154,0.806225774829855,0.0,0.11858001174389969,0.07307692307692307,2.0,0.0,0.34921336329501945,0.08391608391608392,2.0,0.0,0.36444235582644424,0.08391608391608392,2.0,0.0,0.36444235582644424,0.09090909090909091,3.0,0.0,0.4081185024171993,0.14440559440559433,4.0,0.0,0.588500075607201
2005,10,0.0,0.0,0.0,0.0,0.0,0.0,0.0,0.0,0.0,0.0,0.0,0.0,0.0,0.0,0.0,0.0,0.0,0.0,0.0,0.0,0.0,0.0,0.0,0.0,0.0,0.0,0.0,0.0,0.0,0.0,0.0,0.0,0.0,0.0,0.0,0.0
2005,11,0.0,0.0,0.0,0.0,0.0,0.0,0.0,0.0,0.0,0.0,0.0,0.0,0.0,0.0,0.0,0.0,0.0,0.0,0.0,0.0,0.0,0.0,0.0,0.0,0.0,0.0,0.0,0.0,0.0,0.0,0.0,0.0,0.0,0.0,0.0,0.0
2005,12,0.0,0.0,0.0,0.0,0.0,0.0,0.0,0.0,0.0,0.0,0.0,0.0,0.0,0.0,0.0,0.0,0.0,0.0,0.0,0.0,0.0,0.0,0.0,0.0,0.0,0.0,0.0,0.0,0.0,0.0,0.0,0.0,0.0,0.0,0.0,0.0
2006,1,0.0,0.0,0.0,0.0,0.0,0.0,0.0,0.0,0.0,0.0,0.0,0.0,0.0,0.0,0.0,0.0,0.0,0.0,0.0,0.0,0.0,0.0,0.0,0.0,0.0,0.0,0.0,0.0,0.0,0.0,0.0,0.0,0.0,0.0,0.0,0.0
2006,2,0.0,0.0,0.0,0.0,0.0,0.0,0.0,0.0,0.0,0.0,0.0,0.0,0.0,0.0,0.0,0.0,0.0,0.0,0.0,0.0,0.0,0.0,0.0,0.0,0.0,0.0,0.0,0.0,0.0,0.0,0.0,0.0,0.0,0.0,0.0,0.0
2006,3,0.0,0.0,0.0,0.0,0.0,0.0,0.0,0.0,0.0,0.0,0.0,0.0,0.0,0.0,0.0,0.0,0.0,0.0,0.0,0.0,0.0,0.0,0.0,0.0,0.0,0.0,0.0,0.0,0.0,0.0,0.0,0.0,0.0,0.0,0.0,0.0
2006,4,0.0,0.0,0.0,0.0,0.0,0.0,0.0,0.0,0.0,0.0,0.0,0.0,0.0,0.0,0.0,0.0,0.0,0.0,0.0,0.0,0.0,0.0,0.0,0.0,0.0,0.0,0.0,0.0,0.0,0.0,0.0,0.0,0.0,0.0,0.0,0.0
2006,5,0.0,0.0,0.0,0.0,0.0,0.0,0.0,0.0,0.0,0.0,0.0,0.0,0.0,0.0,0.0,0.0,0.0,0.0,0.0,0.0,0.0,0.0,0.0,0.0,0.0,0.0,0.0,0.0,0.0,0.0,0.0,0.0,0.0,0.0,0.0,0.0
2006,6,0.022843822843822845,0.4,0.0,0.051912840171418624,0.3706293706293706,3.0,0.0,0.6442681290227145,0.0,0.0,0.0,0.0,0.08041091112341234,0.7118052168020874,0.0,0.14196524924202159,0.0,0.0,0.0,0.0,0.0,0.0,0.0,0.0,0.0,0.0,0.0,0.0,0.006993006993006993,1.0,0.0,0.08333129571897191,0.12062937062937033,1.5499999999999972,0.0,0.30903236480020846
2006,7,5.92051282051282,18.866666666666667,0.0,5.108440116197488,12.062937062937063,26.0,0.0,7.65900610983204,2.4405594405594404,14.0,0.0,3.584391917925828,2.426964661034024,4.556923913733425,0.0,1.3807358547821427,2.9545454545454546,14.45,0.0,3.7987710061314295,4.076923076923077,17.0,0.0,4.380127441829775,5.510489510489511,19.0,0.0,5.106032539246888,7.379370629370629,21.0,0.0,6.018898932457446,9.97272727272727,23.549999999999997,0.0,6.763941125925806
2006,8,0.7202797202797203,5.633333333333334,0.0,0.9799309790089132,3.93006993006993,16.0,0.0,3.3899282118981624,0.027972027972027972,1.0,0.0,0.16489267304267965,0.9560683477637271,3.6203130619694566,0.0,0.8319737980558181,0.04195804195804196,1.0,0.0,0.200493303312328,0.10314685314685315,3.0,0.0,0.4318287986011193,0.35664335664335667,6.0,0.0,0.9781214648898384,0.9615384615384616,8.0,0.0,1.468583498911776,2.4653846153846133,12.549999999999997,0.0,2.5118963858944503
2006,9,0.04825174825174825,1.7666666666666666,0.0,0.20436869350623152,0.2727272727272727,3.0,0.0,0.5934587275322273,0.006993006993006993,1.0,0.0,0.0833312957189719,0.06450697557682343,0.8055363982396381,0.0,0.14642754421251045,0.006993006993006993,1.0,0.0,0.0833312957189719,0.02097902097902098,1.0,0.0,0.14331399672670764,0.03496503496503497,2.0,0.0,0.21846852240298337,0.055944055944055944,2.0,0.0,0.2842293906699521,0.12097902097902086,2.549999999999997,0.0,0.40123988723995024
2006,10,0.0,0.0,0.0,0.0,0.0,0.0,0.0,0.0,0.0,0.0,0.0,0.0,0.0,0.0,0.0,0.0,0.0,0.0,0.0,0.0,0.0,0.0,0.0,0.0,0.0,0.0,0.0,0.0,0.0,0.0,0.0,0.0,0.0,0.0,0.0,0.0
2006,11,0.0,0.0,0.0,0.0,0.0,0.0,0.0,0.0,0.0,0.0,0.0,0.0,0.0,0.0,0.0,0.0,0.0,0.0,0.0,0.0,0.0,0.0,0.0,0.0,0.0,0.0,0.0,0.0,0.0,0.0,0.0,0.0,0.0,0.0,0.0,0.0
2006,12,0.0,0.0,0.0,0.0,0.0,0.0,0.0,0.0,0.0,0.0,0.0,0.0,0.0,0.0,0.0,0.0,0.0,0.0,0.0,0.0,0.0,0.0,0.0,0.0,0.0,0.0,0.0,0.0,0.0,0.0,0.0,0.0,0.0,0.0,0.0,0.0
2007,1,0.0,0.0,0.0,0.0,0.0,0.0,0.0,0.0,0.0,0.0,0.0,0.0,0.0,0.0,0.0,0.0,0.0,0.0,0.0,0.0,0.0,0.0,0.0,0.0,0.0,0.0,0.0,0.0,0.0,0.0,0.0,0.0,0.0,0.0,0.0,0.0
2007,2,0.0,0.0,0.0,0.0,0.0,0.0,0.0,0.0,0.0,0.0,0.0,0.0,0.0,0.0,0.0,0.0,0.0,0.0,0.0,0.0,0.0,0.0,0.0,0.0,0.0,0.0,0.0,0.0,0.0,0.0,0.0,0.0,0.0,0.0,0.0,0.0
2007,3,0.0,0.0,0.0,0.0,0.0,0.0,0.0,0.0,0.0,0.0,0.0,0.0,0.0,0.0,0.0,0.0,0.0,0.0,0.0,0.0,0.0,0.0,0.0,0.0,0.0,0.0,0.0,0.0,0.0,0.0,0.0,0.0,0.0,0.0,0.0,0.0
2007,4,0.0,0.0,0.0,0.0,0.0,0.0,0.0,0.0,0.0,0.0,0.0,0.0,0.0,0.0,0.0,0.0,0.0,0.0,0.0,0.0,0.0,0.0,0.0,0.0,0.0,0.0,0.0,0.0,0.0,0.0,0.0,0.0,0.0,0.0,0.0,0.0
2007,5,0.0,0.0,0.0,0.0,0.0,0.0,0.0,0.0,0.0,0.0,0.0,0.0,0.0,0.0,0.0,0.0,0.0,0.0,0.0,0.0,0.0,0.0,0.0,0.0,0.0,0.0,0.0,0.0,0.0,0.0,0.0,0.0,0.0,0.0,0.0,0.0
2007,6,0.05244755244755245,0.5666666666666667,0.0,0.0847767313600918,0.6363636363636364,3.0,0.0,0.7246456046813364,0.0,0.0,0.0,0.0,0.15316134296423917,0.6674994798166928,0.0,0.17787278633482914,0.0,0.0,0.0,0.0,0.0,0.0,0.0,0.0,0.0034965034965034965,0.5,0.0,0.04166564785948595,0.02097902097902098,1.0,0.0,0.14331399672670767,0.31048951048950996,2.0,0.0,0.4548823388500174
2007,7,0.1393939393939394,2.433333333333333,0.0,0.2896997980960327,1.013986013986014,6.0,0.0,1.1646663677019868,0.0,0.0,0.0,0.0,0.26953631317042476,1.9779338265529065,0.0,0.33132222730559013,0.0,0.0,0.0,0.0,0.0034965034965034965,0.25,0.0,0.029358139202354312,0.024475524475524476,2.0,0.0,0.207622836913336,0.1555944055944056,4.0,0.0,0.508497887141573,0.6510489510489507,5.549999999999997,0.0,0.9351053291607171
2007,8,0.1522144522144522,4.766666666666667,0.0,0.5069303607840868,1.132867132867133,12.0,0.0,1.6650994310291076,0.006993006993006993,1.0,0.0,0.08333129571897192,0.2724252976266252,2.788069822176864,0.0,0.4161041390940999,0.010139860139860141,1.0,0.0,0.09113876313312018,0.027972027972027972,3.0,0.0,0.26295938009738695,0.06293706293706294,5.0,0.0,0.46132650356561233,0.15034965034965034,6.0,0.0,0.7451121965428702,0.638811188811188,10.199999999999989,0.0,1.3125992414084875
2007,9,0.03729603729603729,0.9,0.0,0.11934094534261168,0.34965034965034963,4.0,0.0,0.6820243546985515,0.0,0.0,0.0,0.0,0.0852973171487305,1.011599393699568,0.0,0.17786671020578243,0.0,0.0,0.0,0.0,0.0,0.0,0.0,0.0,0.013986013986013986,1.0,0.0,0.11743255680941726,0.027972027972027972,1.0,0.0,0.16489267304267968,0.17517482517482497,3.0,0.0,0.49003618126282006
2007,10,0.0,0.0,0.0,0.0,0.0,0.0,0.0,0.0,0.0,0.0,0.0,0.0,0.0,0.0,0.0,0.0,0.0,0.0,0.0,0.0,0.0,0.0,0.0,0.0,0.0,0.0,0.0,0.0,0.0,0.0,0.0,0.0,0.0,0.0,0.0,0.0
2007,11,0.0,0.0,0.0,0.0,0.0,0.0,0.0,0.0,0.0,0.0,0.0,0.0,0.0,0.0,0.0,0.0,0.0,0.0,0.0,0.0,0.0,0.0,0.0,0.0,0.0,0.0,0.0,0.0,0.0,0.0,0.0,0.0,0.0,0.0,0.0,0.0
2007,12,0.0,0.0,0.0,0.0,0.0,0.0,0.0,0.0,0.0,0.0,0.0,0.0,0.0,0.0,0.0,0.0,0.0,0.0,0.0,0.0,0.0,0.0,0.0,0.0,0.0,0.0,0.0,0.0,0.0,0.0,0.0,0.0,0.0,0.0,0.0,0.0
2008,1,0.0,0.0,0.0,0.0,0.0,0.0,0.0,0.0,0.0,0.0,0.0,0.0,0.0,0.0,0.0,0.0,0.0,0.0,0.0,0.0,0.0,0.0,0.0,0.0,0.0,0.0,0.0,0.0,0.0,0.0,0.0,0.0,0.0,0.0,0.0,0.0
2008,2,0.0,0.0,0.0,0.0,0.0,0.0,0.0,0.0,0.0,0.0,0.0,0.0,0.0,0.0,0.0,0.0,0.0,0.0,0.0,0.0,0.0,0.0,0.0,0.0,0.0,0.0,0.0,0.0,0.0,0.0,0.0,0.0,0.0,0.0,0.0,0.0
2008,3,0.0,0.0,0.0,0.0,0.0,0.0,0.0,0.0,0.0,0.0,0.0,0.0,0.0,0.0,0.0,0.0,0.0,0.0,0.0,0.0,0.0,0.0,0.0,0.0,0.0,0.0,0.0,0.0,0.0,0.0,0.0,0.0,0.0,0.0,0.0,0.0
2008,4,0.0002331002331002331,0.03333333333333333,0.0,0.0027777098572990635,0.006993006993006993,1.0,0.0,0.0833312957189719,0.0,0.0,0.0,0.0,0.0012552831718262247,0.17950549357115014,0.0,0.01495842536795752,0.0,0.0,0.0,0.0,0.0,0.0,0.0,0.0,0.0,0.0,0.0,0.0,0.0,0.0,0.0,0.0,0.0,0.0,0.0,0.0
2008,5,0.0020979020979020983,0.06666666666666667,0.0,0.010590038873287222,0.06293706293706294,2.0,0.0,0.3177011661986167,0.0,0.0,0.0,0.0,0.01129754854643602,0.35901098714230023,0.0,0.05702910464661269,0.0,0.0,0.0,0.0,0.0,0.0,0.0,0.0,0.0,0.0,0.0,0.0,0.0,0.0,0.0,0.0,0.0,0.0,0.0,0.0
2008,6,0.036829836829836836,0.4666666666666667,0.0,0.08341145864325782,0.5244755244755245,3.0,0.0,0.8348373471845253,0.0,0.0,0.0,0.0,0.11228017603950123,0.8459051693633012,0.0,0.18714515675989646,0.0,0.0,0.0,0.0,0.0,0.0,0.0,0.0,0.0,0.0,0.0,0.0,0.026223776223776224,1.0,0.0,0.15564350604234256,0.17517482517482497,2.549999999999997,0.0,0.43644599814444146
2008,7,0.23333333333333334,1.6666666666666667,0.0,0.3111000109019876,2.1818181818181817,9.0,0.0,2.2081741457256583,0.013986013986013986,1.0,0.0,0.11743255680941726,0.4903107515811224,1.885912687975418,0.0,0.49822469380434514,0.024125874125874126,1.0,0.0,0.14769240702476,0.027972027972027972,1.0,0.0,0.16489267304267965,0.027972027972027972,1.0,0.0,0.16489267304267965,0.19405594405594406,2.0,0.0,0.4175138501320415,1.0178321678321667,5.099999999999994,0.0,1.2726192031271668
2008,8,0.2536130536130536,1.8333333333333333,0.0,0.4602461245715585,1.020979020979021,5.0,0.0,1.340433764824491,0.0979020979020979,1.0,0.0,0.2971822288234374,0.21066663605004773,1.3682917167849196,0.0,0.27941884494550323,0.13216783216783215,1.0,0.0,0.333523549163098,0.16783216783216784,2.0,0.0,0.3919828379647977,0.1993006993006993,2.0,0.0,0.41450897794464453,0.2762237762237762,2.0,0.0,0.5528954986628886,0.5353146853146848,3.549999999999997,0.0,0.9190454185690344
2008,9,0.006526806526806527,0.7333333333333333,0.0,0.061357188689390274,0.07692307692307693,5.0,0.0,0.45920154291977633,0.0,0.0,0.0,0.0,0.014271480986575507,0.9637888196533972,0.0,0.08743015885927269,0.0,0.0,0.0,0.0,0.0,0.0,0.0,0.0,0.006993006993006993,1.0,0.0,0.08333129571897192,0.006993006993006993,1.0,0.0,0.08333129571897192,0.01083916083916082,1.5499999999999972,0.0,0.12916350836440624
2008,10,0.0,0.0,0.0,0.0,0.0,0.0,0.0,0.0,0.0,0.0,0.0,0.0,0.0,0.0,0.0,0.0,0.0,0.0,0.0,0.0,0.0,0.0,0.0,0.0,0.0,0.0,0.0,0.0,0.0,0.0,0.0,0.0,0.0,0.0,0.0,0.0
2008,11,0.0,0.0,0.0,0.0,0.0,0.0,0.0,0.0,0.0,0.0,0.0,0.0,0.0,0.0,0.0,0.0,0.0,0.0,0.0,0.0,0.0,0.0,0.0,0.0,0.0,0.0,0.0,0.0,0.0,0.0,0.0,0.0,0.0,0.0,0.0,0.0
2008,12,0.0,0.0,0.0,0.0,0.0,0.0,0.0,0.0,0.0,0.0,0.0,0.0,0.0,0.0,0.0,0.0,0.0,0.0,0.0,0.0,0.0,0.0,0.0,0.0,0.0,0.0,0.0,0.0,0.0,0.0,0.0,0.0,0.0,0.0,0.0,0.0
2009,1,0.0,0.0,0.0,0.0,0.0,0.0,0.0,0.0,0.0,0.0,0.0,0.0,0.0,0.0,0.0,0.0,0.0,0.0,0.0,0.0,0.0,0.0,0.0,0.0,0.0,0.0,0.0,0.0,0.0,0.0,0.0,0.0,0.0,0.0,0.0,0.0
2009,2,0.0,0.0,0.0,0.0,0.0,0.0,0.0,0.0,0.0,0.0,0.0,0.0,0.0,0.0,0.0,0.0,0.0,0.0,0.0,0.0,0.0,0.0,0.0,0.0,0.0,0.0,0.0,0.0,0.0,0.0,0.0,0.0,0.0,0.0,0.0,0.0
2009,3,0.0,0.0,0.0,0.0,0.0,0.0,0.0,0.0,0.0,0.0,0.0,0.0,0.0,0.0,0.0,0.0,0.0,0.0,0.0,0.0,0.0,0.0,0.0,0.0,0.0,0.0,0.0,0.0,0.0,0.0,0.0,0.0,0.0,0.0,0.0,0.0
2009,4,0.0,0.0,0.0,0.0,0.0,0.0,0.0,0.0,0.0,0.0,0.0,0.0,0.0,0.0,0.0,0.0,0.0,0.0,0.0,0.0,0.0,0.0,0.0,0.0,0.0,0.0,0.0,0.0,0.0,0.0,0.0,0.0,0.0,0.0,0.0,0.0
2009,5,0.013752913752913754,0.2,0.0,0.03137082301400601,0.26573426573426573,2.0,0.0,0.5413147546954862,0.0,0.0,0.0,0.0,0.05546020724092132,0.47609522856952335,0.0,0.11299208492562608,0.0,0.0,0.0,0.0,0.0,0.0,0.0,0.0,0.0,0.0,0.0,0.0,0.0,0.0,0.0,0.0,0.0695804195804194,1.0,0.0,0.22172519413568922
2009,6,0.06200466200466201,0.3333333333333333,0.0,0.08321449788900004,1.2027972027972027,5.0,0.0,1.4938542657384297,0.0,0.0,0.0,0.0,0.23414724487089303,0.9775252199076787,0.0,0.2858761694676326,0.0,0.0,0.0,0.0,0.0,0.0,0.0,0.0,0.0,0.0,0.0,0.0,0.005244755244755245,0.75,0.0,0.06249847178922896,0.2716783216783211,1.5499999999999972,0.0,0.44026213744757786
2009,7,0.09557109557109555,1.1,0.0,0.18758008959232542,1.0,8.0,0.0,1.306251777527482,0.0,0.0,0.0,0.0,0.22977155092739213,1.8321208111548395,0.0,0.3073976279555327,0.0,0.0,0.0,0.0,0.0,0.0,0.0,0.0,0.013986013986013986,1.0,0.0,0.10145886803179657,0.09965034965034965,2.0,0.0,0.34749334669369025,0.41363636363636297,4.6499999999999915,0.0,0.7624762249688312
2009,8,0.08834498834498834,1.3,0.0,0.18436386530227578,1.020979020979021,7.0,0.0,1.3916259618668012,0.0,0.0,0.0,0.0,0.22889979983577555,1.9347695814575268,0.0,0.331319655020607,0.0,0.0,0.0,0.0,0.0,0.0,0.0,0.0,0.0,0.0,0.0,0.0,0.06468531468531469,1.0,0.0,0.23783935400982334,0.4069930069930065,5.0,0.0,0.8596348508955263
2009,9,0.33030303030303027,3.8666666666666667,0.0,0.7374951736600439,1.3846153846153846,8.0,0.0,2.0953597649040363,0.07692307692307693,2.0,0.0,0.3146076050126432,0.2891267134914414,1.5648926125740668,0.0,0.4001788566166529,0.09335664335664337,2.0,0.0,0.3660523560243408,0.18006993006993008,3.0,0.0,0.5690176745856882,0.2517482517482518,4.0,0.0,0.694317912196023,0.39335664335664333,4.0,0.0,0.8872097725441394,0.7139860139860136,7.549999999999997,0.0,1.310706391439225
2009,10,0.0,0.0,0.0,0.0,0.0,0.0,0.0,0.0,0.0,0.0,0.0,0.0,0.0,0.0,0.0,0.0,0.0,0.0,0.0,0.0,0.0,0.0,0.0,0.0,0.0,0.0,0.0,0.0,0.0,0.0,0.0,0.0,0.0,0.0,0.0,0.0
2009,11,0.0,0.0,0.0,0.0,0.0,0.0,0.0,0.0,0.0,0.0,0.0,0.0,0.0,0.0,0.0,0.0,0.0,0.0,0.0,0.0,0.0,0.0,0.0,0.0,0.0,0.0,0.0,0.0,0.0,0.0,0.0,0.0,0.0,0.0,0.0,0.0
2009,12,0.0,0.0,0.0,0.0,0.0,0.0,0.0,0.0,0.0,0.0,0.0,0.0,0.0,0.0,0.0,0.0,0.0,0.0,0.0,0.0,0.0,0.0,0.0,0.0,0.0,0.0,0.0,0.0,0.0,0.0,0.0,0.0,0.0,0.0,0.0,0.0
2010,1,0.0,0.0,0.0,0.0,0.0,0.0,0.0,0.0,0.0,0.0,0.0,0.0,0.0,0.0,0.0,0.0,0.0,0.0,0.0,0.0,0.0,0.0,0.0,0.0,0.0,0.0,0.0,0.0,0.0,0.0,0.0,0.0,0.0,0.0,0.0,0.0
2010,2,0.0,0.0,0.0,0.0,0.0,0.0,0.0,0.0,0.0,0.0,0.0,0.0,0.0,0.0,0.0,0.0,0.0,0.0,0.0,0.0,0.0,0.0,0.0,0.0,0.0,0.0,0.0,0.0,0.0,0.0,0.0,0.0,0.0,0.0,0.0,0.0
2010,3,0.0,0.0,0.0,0.0,0.0,0.0,0.0,0.0,0.0,0.0,0.0,0.0,0.0,0.0,0.0,0.0,0.0,0.0,0.0,0.0,0.0,0.0,0.0,0.0,0.0,0.0,0.0,0.0,0.0,0.0,0.0,0.0,0.0,0.0,0.0,0.0
2010,4,0.0,0.0,0.0,0.0,0.0,0.0,0.0,0.0,0.0,0.0,0.0,0.0,0.0,0.0,0.0,0.0,0.0,0.0,0.0,0.0,0.0,0.0,0.0,0.0,0.0,0.0,0.0,0.0,0.0,0.0,0.0,0.0,0.0,0.0,0.0,0.0
2010,5,0.0,0.0,0.0,0.0,0.0,0.0,0.0,0.0,0.0,0.0,0.0,0.0,0.0,0.0,0.0,0.0,0.0,0.0,0.0,0.0,0.0,0.0,0.0,0.0,0.0,0.0,0.0,0.0,0.0,0.0,0.0,0.0,0.0,0.0,0.0,0.0
2010,6,0.9613053613053612,5.366666666666666,0.0,1.4305993894337365,2.160839160839161,9.0,0.0,2.701075542449503,0.3146853146853147,3.0,0.0,0.693824713555942,0.4617294713609711,1.7204650534085255,0.0,0.5455899248879043,0.37797202797202795,3.0,0.0,0.7700381967100013,0.6538461538461539,5.0,0.0,1.1226852943000791,0.8986013986013986,5.0,0.0,1.396248020025317,1.1713286713286712,6.0,0.0,1.7394586561487113,1.7045454545454541,8.549999999999997,0.0,2.2840118449941853
2010,7,0.12937062937062938,2.7666666666666666,0.0,0.3809261504514217,0.9370629370629371,7.0,0.0,1.395380907550984,0.04195804195804196,2.0,0.0,0.2610930727635589,0.19929967632052553,1.087300428686673,0.0,0.2732433409999558,0.0520979020979021,2.0,0.0,0.27499994442937303,0.055944055944055944,2.0,0.0,0.2842293906699522,0.06293706293706294,3.0,0.0,0.3389985914277154,0.10139860139860139,3.0,0.0,0.45538518453255616,0.4594405594405588,4.549999999999997,0.0,0.8147021217390561
2010,8,0.3501165501165501,5.466666666666667,0.0,0.8735505177186897,1.6153846153846154,15.0,0.0,2.64950998747869,0.027972027972027972,2.0,0.0,0.20291773606359315,0.3880372226654058,2.7129319932501073,0.0,0.5822768958540153,0.05524475524475525,2.45,0.0,0.29881545201111076,0.1258741258741259,4.0,0.0,0.5655263389973632,0.2202797202797203,5.0,0.0,0.7746471735150697,0.4423076923076923,7.0,0.0,1.217476291641878,0.9926573426573422,9.0,0.0,1.779790964015981
2010,9,0.037995337995338004,1.6,0.0,0.19250127997239017,0.22377622377622378,7.0,0.0,0.8229197585094068,0.0,0.0,0.0,0.0,0.05166988313341327,1.380821011813865,0.0,0.1872260956714291,0.0,0.0,0.0,0.0,0.013986013986013986,1.0,0.0,0.11743255680941726,0.02097902097902098,1.0,0.0,0.14331399672670764,0.04195804195804196,2.0,0.0,0.261093072763559,0.10629370629370621,3.0,0.0,0.46405280372572233
2010,10,0.0,0.0,0.0,0.0,0.0,0.0,0.0,0.0,0.0,0.0,0.0,0.0,0.0,0.0,0.0,0.0,0.0,0.0,0.0,0.0,0.0,0.0,0.0,0.0,0.0,0.0,0.0,0.0,0.0,0.0,0.0,0.0,0.0,0.0,0.0,0.0
2010,11,0.0,0.0,0.0,0.0,0.0,0.0,0.0,0.0,0.0,0.0,0.0,0.0,0.0,0.0,0.0,0.0,0.0,0.0,0.0,0.0,0.0,0.0,0.0,0.0,0.0,0.0,0.0,0.0,0.0,0.0,0.0,0.0,0.0,0.0,0.0,0.0
2010,12,0.0,0.0,0.0,0.0,0.0,0.0,0.0,0.0,0.0,0.0,0.0,0.0,0.0,0.0,0.0,0.0,0.0,0.0,0.0,0.0,0.0,0.0,0.0,0.0,0.0,0.0,0.0,0.0,0.0,0.0,0.0,0.0,0.0,0.0,0.0,0.0
2011,1,0.0,0.0,0.0,0.0,0.0,0.0,0.0,0.0,0.0,0.0,0.0,0.0,0.0,0.0,0.0,0.0,0.0,0.0,0.0,0.0,0.0,0.0,0.0,0.0,0.0,0.0,0.0,0.0,0.0,0.0,0.0,0.0,0.0,0.0,0.0,0.0
2011,2,0.0,0.0,0.0,0.0,0.0,0.0,0.0,0.0,0.0,0.0,0.0,0.0,0.0,0.0,0.0,0.0,0.0,0.0,0.0,0.0,0.0,0.0,0.0,0.0,0.0,0.0,0.0,0.0,0.0,0.0,0.0,0.0,0.0,0.0,0.0,0.0
2011,3,0.0,0.0,0.0,0.0,0.0,0.0,0.0,0.0,0.0,0.0,0.0,0.0,0.0,0.0,0.0,0.0,0.0,0.0,0.0,0.0,0.0,0.0,0.0,0.0,0.0,0.0,0.0,0.0,0.0,0.0,0.0,0.0,0.0,0.0,0.0,0.0
2011,4,0.0,0.0,0.0,0.0,0.0,0.0,0.0,0.0,0.0,0.0,0.0,0.0,0.0,0.0,0.0,0.0,0.0,0.0,0.0,0.0,0.0,0.0,0.0,0.0,0.0,0.0,0.0,0.0,0.0,0.0,0.0,0.0,0.0,0.0,0.0,0.0
2011,5,0.0013986013986013986,0.06666666666666667,0.0,0.008703102425451966,0.027972027972027972,1.0,0.0,0.16489267304267968,0.0,0.0,0.0,0.0,0.005999291179805308,0.24944382578492946,0.0,0.035845638873386404,0.0,0.0,0.0,0.0,0.0,0.0,0.0,0.0,0.0,0.0,0.0,0.0,0.0,0.0,0.0,0.0,0.007692307692307653,0.5499999999999972,0.0,0.06458790624517914
2011,6,0.06293706293706294,0.6,0.0,0.1222747930730414,0.7132867132867133,5.0,0.0,1.0943106373157232,0.0,0.0,0.0,0.0,0.16396057551150764,1.0832051206181277,0.0,0.2534325172290373,0.0,0.0,0.0,0.0,0.0,0.0,0.0,0.0,0.0,0.0,0.0,0.0,0.06118881118881119,1.0,0.0,0.23692520288673893,0.3076923076923073,2.549999999999997,0.0,0.6230790814086759
2011,7,0.17202797202797204,2.1666666666666665,0.0,0.34676102243010687,1.3146853146853146,8.0,0.0,1.5118163040980837,0.0,0.0,0.0,0.0,0.32683040429082816,1.9958289839896939,0.0,0.3954727171978834,0.0,0.0,0.0,0.0,0.006993006993006993,1.0,0.0,0.08333129571897192,0.05944055944055944,2.0,0.0,0.28658533730414226,0.15734265734265734,3.0,0.0,0.5552344065548434,0.764685314685314,5.549999999999997,0.0,1.1087041539442122
2011,8,0.16480186480186482,2.8,0.0,0.47884178160111956,0.7692307692307693,8.0,0.0,1.4420862300838013,0.027972027972027972,1.0,0.0,0.16489267304267968,0.18592886805106476,1.5652475842498528,0.0,0.32906237839783914,0.027972027972027972,1.0,0.0,0.16489267304267968,0.06643356643356643,2.0,0.0,0.32380907262868835,0.11188811188811189,2.0,0.0,0.3940979805204298,0.18006993006993008,3.0,0.0,0.5849254288775172,0.4902097902097898,6.099999999999994,0.0,1.087745772264354
2011,9,0.03193473193473193,2.0,0.0,0.20061576249828447,0.09090909090909091,4.0,0.0,0.4081185024171992,0.013986013986013986,1.0,0.0,0.11743255680941726,0.019238655862280973,0.6324555320336759,0.0,0.08415052924402895,0.013986013986013986,1.0,0.0,0.11743255680941726,0.027972027972027972,2.0,0.0,0.20291773606359315,0.027972027972027972,2.0,0.0,0.20291773606359315,0.03496503496503497,2.0,0.0,0.21846852240298334,0.04895104895104895,3.0,0.0,0.2975111522543028
2011,10,0.0,0.0,0.0,0.0,0.0,0.0,0.0,0.0,0.0,0.0,0.0,0.0,0.0,0.0,0.0,0.0,0.0,0.0,0.0,0.0,0.0,0.0,0.0,0.0,0.0,0.0,0.0,0.0,0.0,0.0,0.0,0.0,0.0,0.0,0.0,0.0
2011,11,0.0,0.0,0.0,0.0,0.0,0.0,0.0,0.0,0.0,0.0,0.0,0.0,0.0,0.0,0.0,0.0,0.0,0.0,0.0,0.0,0.0,0.0,0.0,0.0,0.0,0.0,0.0,0.0,0.0,0.0,0.0,0.0,0.0,0.0,0.0,0.0
2011,12,0.0,0.0,0.0,0.0,0.0,0.0,0.0,0.0,0.0,0.0,0.0,0.0,0.0,0.0,0.0,0.0,0.0,0.0,0.0,0.0,0.0,0.0,0.0,0.0,0.0,0.0,0.0,0.0,0.0,0.0,0.0,0.0,0.0,0.0,0.0,0.0
2012,1,0.0,0.0,0.0,0.0,0.0,0.0,0.0,0.0,0.0,0.0,0.0,0.0,0.0,0.0,0.0,0.0,0.0,0.0,0.0,0.0,0.0,0.0,0.0,0.0,0.0,0.0,0.0,0.0,0.0,0.0,0.0,0.0,0.0,0.0,0.0,0.0
2012,2,0.0,0.0,0.0,0.0,0.0,0.0,0.0,0.0,0.0,0.0,0.0,0.0,0.0,0.0,0.0,0.0,0.0,0.0,0.0,0.0,0.0,0.0,0.0,0.0,0.0,0.0,0.0,0.0,0.0,0.0,0.0,0.0,0.0,0.0,0.0,0.0
2012,3,0.0,0.0,0.0,0.0,0.0,0.0,0.0,0.0,0.0,0.0,0.0,0.0,0.0,0.0,0.0,0.0,0.0,0.0,0.0,0.0,0.0,0.0,0.0,0.0,0.0,0.0,0.0,0.0,0.0,0.0,0.0,0.0,0.0,0.0,0.0,0.0
2012,4,0.0,0.0,0.0,0.0,0.0,0.0,0.0,0.0,0.0,0.0,0.0,0.0,0.0,0.0,0.0,0.0,0.0,0.0,0.0,0.0,0.0,0.0,0.0,0.0,0.0,0.0,0.0,0.0,0.0,0.0,0.0,0.0,0.0,0.0,0.0,0.0
2012,5,0.011421911421911422,0.13333333333333333,0.0,0.026766971931857668,0.25874125874125875,2.0,0.0,0.563620746282794,0.0,0.0,0.0,0.0,0.05061205660502181,0.42687494916219004,0.0,0.11049526911589849,0.0,0.0,0.0,0.0,0.0,0.0,0.0,0.0,0.0,0.0,0.0,0.0,0.0,0.0,0.0,0.0,0.044755244755244596,1.0,0.0,0.17001781958368037
2012,6,0.0543123543123543,0.7,0.0,0.100246651656164,0.7202797202797203,6.0,0.0,1.047177988662091,0.0,0.0,0.0,0.0,0.1611402319461286,1.4177446878757827,0.0,0.2384088892078495,0.0,0.0,0.0,0.0,0.0,0.0,0.0,0.0,0.0,0.0,0.0,0.0,0.01048951048951049,0.75,0.0,0.08807441760706293,0.2912587412587408,3.549999999999997,0.0,0.5529739901227373
2012,7,0.5237762237762238,16.1,0.0,1.6858735818316823,2.3216783216783217,22.0,0.0,2.9579840957160455,0.0979020979020979,9.0,0.0,0.8553794014851592,0.5759104333467382,3.4687493743743185,0.0,0.6076992872577877,0.12202797202797203,11.0,0.0,1.0593345050658738,0.17132867132867133,14.0,0.0,1.3953655749585316,0.3111888111888112,16.0,0.0,1.681661885937857,0.6136363636363636,18.0,0.0,2.0320266315688285,1.6318181818181807,22.0,0.0,2.5669125522421345
2012,8,0.12517482517482517,6.7,0.0,0.6585663691085747,0.9300699300699301,13.0,0.0,1.8192842273830911,0.02097902097902098,2.0,0.0,0.18580881476344646,0.19523928636841054,3.0016662039607267,0.0,0.41913408934387275,0.027972027972027972,3.0,0.0,0.26295938009738695,0.04895104895104895,5.0,0.0,0.44766169995186633,0.06293706293706294,6.0,0.0,0.5574264442903394,0.13111888111888112,8.0,0.0,0.8814483511003293,0.36223776223776194,12.0,0.0,1.3987409021335173
2012,9,0.012354312354312355,0.1,0.0,0.02514242929835679,0.3006993006993007,2.0,0.0,0.603428028106423,0.0,0.0,0.0,0.0,0.05826896192160076,0.3958114029012639,0.0,0.11533635495508662,0.0,0.0,0.0,0.0,0.0,0.0,0.0,0.0,0.0,0.0,0.0,0.0,0.0,0.0,0.0,0.0,0.037762237762237603,1.0,0.0,0.14996698741813808
2012,10,0.0,0.0,0.0,0.0,0.0,0.0,0.0,0.0,0.0,0.0,0.0,0.0,0.0,0.0,0.0,0.0,0.0,0.0,0.0,0.0,0.0,0.0,0.0,0.0,0.0,0.0,0.0,0.0,0.0,0.0,0.0,0.0,0.0,0.0,0.0,0.0
2012,11,0.0,0.0,0.0,0.0,0.0,0.0,0.0,0.0,0.0,0.0,0.0,0.0,0.0,0.0,0.0,0.0,0.0,0.0,0.0,0.0,0.0,0.0,0.0,0.0,0.0,0.0,0.0,0.0,0.0,0.0,0.0,0.0,0.0,0.0,0.0,0.0
2012,12,0.0,0.0,0.0,0.0,0.0,0.0,0.0,0.0,0.0,0.0,0.0,0.0,0.0,0.0,0.0,0.0,0.0,0.0,0.0,0.0,0.0,0.0,0.0,0.0,0.0,0.0,0.0,0.0,0.0,0.0,0.0,0.0,0.0,0.0,0.0,0.0
2013,1,0.0,0.0,0.0,0.0,0.0,0.0,0.0,0.0,0.0,0.0,0.0,0.0,0.0,0.0,0.0,0.0,0.0,0.0,0.0,0.0,0.0,0.0,0.0,0.0,0.0,0.0,0.0,0.0,0.0,0.0,0.0,0.0,0.0,0.0,0.0,0.0
2013,2,0.0,0.0,0.0,0.0,0.0,0.0,0.0,0.0,0.0,0.0,0.0,0.0,0.0,0.0,0.0,0.0,0.0,0.0,0.0,0.0,0.0,0.0,0.0,0.0,0.0,0.0,0.0,0.0,0.0,0.0,0.0,0.0,0.0,0.0,0.0,0.0
2013,3,0.0,0.0,0.0,0.0,0.0,0.0,0.0,0.0,0.0,0.0,0.0,0.0,0.0,0.0,0.0,0.0,0.0,0.0,0.0,0.0,0.0,0.0,0.0,0.0,0.0,0.0,0.0,0.0,0.0,0.0,0.0,0.0,0.0,0.0,0.0,0.0
2013,4,0.0,0.0,0.0,0.0,0.0,0.0,0.0,0.0,0.0,0.0,0.0,0.0,0.0,0.0,0.0,0.0,0.0,0.0,0.0,0.0,0.0,0.0,0.0,0.0,0.0,0.0,0.0,0.0,0.0,0.0,0.0,0.0,0.0,0.0,0.0,0.0
2013,5,0.0002331002331002331,0.03333333333333333,0.0,0.002777709857299064,0.006993006993006993,1.0,0.0,0.08333129571897192,0.0,0.0,0.0,0.0,0.0012552831718262239,0.17950549357115,0.0,0.014958425367957514,0.0,0.0,0.0,0.0,0.0,0.0,0.0,0.0,0.0,0.0,0.0,0.0,0.0,0.0,0.0,0.0,0.0,0.0,0.0,0.0
2013,6,0.0037296037296037305,0.06666666666666667,0.0,0.013715329308490115,0.1048951048951049,2.0,0.0,0.3870867833034419,0.0,0.0,0.0,0.0,0.019318326823643574,0.3590109871423002,0.0,0.0708462253131406,0.0,0.0,0.0,0.0,0.0,0.0,0.0,0.0,0.0,0.0,0.0,0.0,0.0,0.0,0.0,0.0,0.0038461538461538264,0.5499999999999972,0.0,0.045832212645434335
2013,7,0.13053613053613056,0.7666666666666667,0.0,0.16512087369329959,1.5524475524475525,5.0,0.0,1.4990828043314555,0.0,0.0,0.0,0.0,0.3425596546193931,1.2736648783028532,0.0,0.34020225765231954,0.0,0.0,0.0,0.0,0.0,0.0,0.0,0.0,0.0,0.0,0.0,0.0,0.07517482517482517,1.75,0.0,0.27102977192243305,0.6629370629370622,3.549999999999997,0.0,0.8426920168126456
2013,8,1.589044289044289,6.7,0.0,1.8201785999092555,3.6573426573426575,11.0,0.0,3.149214343370112,0.7622377622377622,4.0,0.0,1.0238965881325117,0.7583013331698599,2.682453271830761,0.0,0.6325771994686801,0.8377622377622378,4.0,0.0,1.1032250368490815,1.0367132867132867,5.0,0.0,1.3350303295178556,1.3881118881118881,6.0,0.0,1.7019318316281127,1.9108391608391608,8.0,0.0,2.2702864784891106,2.9251748251748246,11.0,0.0,2.904444834148341
2013,9,1.1743589743589744,7.833333333333333,0.0,2.156155937651534,2.7552447552447554,21.0,0.0,4.495867229233096,0.8041958041958042,6.0,0.0,1.7189146895388567,0.4222151005398019,2.7578171722497413,0.0,0.5766582347252798,0.8625874125874126,6.0,0.0,1.772374138976555,0.972027972027972,7.0,0.0,1.9254245048022762,1.0524475524475525,7.0,0.0,2.0472677397688375,1.2185314685314685,8.75,0.0,2.2822795493360197,1.7713286713286711,10.549999999999997,0.0,2.782050920731249
2013,10,0.0,0.0,0.0,0.0,0.0,0.0,0.0,0.0,0.0,0.0,0.0,0.0,0.0,0.0,0.0,0.0,0.0,0.0,0.0,0.0,0.0,0.0,0.0,0.0,0.0,0.0,0.0,0.0,0.0,0.0,0.0,0.0,0.0,0.0,0.0,0.0
2013,11,0.0,0.0,0.0,0.0,0.0,0.0,0.0,0.0,0.0,0.0,0.0,0.0,0.0,0.0,0.0,0.0,0.0,0.0,0.0,0.0,0.0,0.0,0.0,0.0,0.0,0.0,0.0,0.0,0.0,0.0,0.0,0.0,0.0,0.0,0.0,0.0
2013,12,0.0,0.0,0.0,0.0,0.0,0.0,0.0,0.0,0.0,0.0,0.0,0.0,0.0,0.0,0.0,0.0,0.0,0.0,0.0,0.0,0.0,0.0,0.0,0.0,0.0,0.0,0.0,0.0,0.0,0.0,0.0,0.0,0.0,0.0,0.0,0.0
2014,1,0.0,0.0,0.0,0.0,0.0,0.0,0.0,0.0,0.0,0.0,0.0,0.0,0.0,0.0,0.0,0.0,0.0,0.0,0.0,0.0,0.0,0.0,0.0,0.0,0.0,0.0,0.0,0.0,0.0,0.0,0.0,0.0,0.0,0.0,0.0,0.0
2014,2,0.0,0.0,0.0,0.0,0.0,0.0,0.0,0.0,0.0,0.0,0.0,0.0,0.0,0.0,0.0,0.0,0.0,0.0,0.0,0.0,0.0,0.0,0.0,0.0,0.0,0.0,0.0,0.0,0.0,0.0,0.0,0.0,0.0,0.0,0.0,0.0
2014,3,0.0,0.0,0.0,0.0,0.0,0.0,0.0,0.0,0.0,0.0,0.0,0.0,0.0,0.0,0.0,0.0,0.0,0.0,0.0,0.0,0.0,0.0,0.0,0.0,0.0,0.0,0.0,0.0,0.0,0.0,0.0,0.0,0.0,0.0,0.0,0.0
2014,4,0.0,0.0,0.0,0.0,0.0,0.0,0.0,0.0,0.0,0.0,0.0,0.0,0.0,0.0,0.0,0.0,0.0,0.0,0.0,0.0,0.0,0.0,0.0,0.0,0.0,0.0,0.0,0.0,0.0,0.0,0.0,0.0,0.0,0.0,0.0,0.0
2014,5,0.0023310023310023314,0.03333333333333333,0.0,0.008500970875902316,0.06993006993006994,1.0,0.0,0.25502912627706953,0.0,0.0,0.0,0.0,0.01255283171826224,0.17950549357115003,0.0,0.04577912918738451,0.0,0.0,0.0,0.0,0.0,0.0,0.0,0.0,0.0,0.0,0.0,0.0,0.0,0.0,0.0,0.0,0.0,0.0,0.0,0.0
2014,6,0.03053613053613054,0.4666666666666667,0.0,0.06625707550394688,0.5944055944055944,6.0,0.0,1.0789645530886776,0.0,0.0,0.0,0.0,0.1168823472128117,1.1756794725698931,0.0,0.20909333870673907,0.0,0.0,0.0,0.0,0.0,0.0,0.0,0.0,0.0,0.0,0.0,0.0,0.0,0.0,0.0,0.0,0.12692307692307667,2.0,0.0,0.3316503145570301
2014,7,0.02097902097902098,0.6,0.0,0.08588660253723868,0.2097902097902098,4.0,0.0,0.6778529127861613,0.0,0.0,0.0,0.0,0.049608494301035845,1.0198039027185568,0.0,0.1657848221001972,0.0,0.0,0.0,0.0,0.0,0.0,0.0,0.0,0.0,0.0,0.0,0.0,0.02097902097902098,1.0,0.0,0.1433139967267077,0.10629370629370621,3.0,0.0,0.44324246836757963
2014,8,0.424009324009324,4.766666666666667,0.0,0.8317645428661393,1.8181818181818181,12.0,0.0,2.6513919385291556,0.11888111888111888,2.0,0.0,0.36430814762604485,0.4252330781595955,3.1589379368529684,0.0,0.6095654121028176,0.143006993006993,2.0,0.0,0.4034640822742014,0.16083916083916083,3.0,0.0,0.45458579702630075,0.24475524475524477,4.0,0.0,0.6686463019846945,0.5332167832167832,7.0,0.0,1.1130337810508186,1.1601398601398594,10.099999999999994,0.0,1.9306558855143776
2014,9,0.009324009324009324,0.4666666666666667,0.0,0.056772230537024855,0.09090909090909091,3.0,0.0,0.39060811311241805,0.0,0.0,0.0,0.0,0.02040174400248803,0.6699917080747261,0.0,0.09162400151077094,0.0,0.0,0.0,0.0,0.0,0.0,0.0,0.0,0.0,0.0,0.0,0.0,0.013986013986013986,1.0,0.0,0.11743255680941726,0.024825174825174805,1.5499999999999972,0.0,0.17369635569467987
2014,10,0.002097902097902098,0.16666666666666666,0.0,0.014863681647487047,0.03496503496503497,1.0,0.0,0.1836912662456461,0.0,0.0,0.0,0.0,0.007627272521220733,0.3726779962499649,0.0,0.04259573436928751,0.0,0.0,0.0,0.0,0.0,0.0,0.0,0.0,0.0,0.0,0.0,0.0,0.0,0.0,0.0,0.0,0.006993006993006993,1.0,0.0,0.08333129571897191
2014,11,0.0,0.0,0.0,0.0,0.0,0.0,0.0,0.0,0.0,0.0,0.0,0.0,0.0,0.0,0.0,0.0,0.0,0.0,0.0,0.0,0.0,0.0,0.0,0.0,0.0,0.0,0.0,0.0,0.0,0.0,0.0,0.0,0.0,0.0,0.0,0.0
2014,12,0.0,0.0,0.0,0.0,0.0,0.0,0.0,0.0,0.0,0.0,0.0,0.0,0.0,0.0,0.0,0.0,0.0,0.0,0.0,0.0,0.0,0.0,0.0,0.0,0.0,0.0,0.0,0.0,0.0,0.0,0.0,0.0,0.0,0.0,0.0,0.0
2015,1,0.0,0.0,0.0,0.0,0.0,0.0,0.0,0.0,0.0,0.0,0.0,0.0,0.0,0.0,0.0,0.0,0.0,0.0,0.0,0.0,0.0,0.0,0.0,0.0,0.0,0.0,0.0,0.0,0.0,0.0,0.0,0.0,0.0,0.0,0.0,0.0
2015,2,0.0,0.0,0.0,0.0,0.0,0.0,0.0,0.0,0.0,0.0,0.0,0.0,0.0,0.0,0.0,0.0,0.0,0.0,0.0,0.0,0.0,0.0,0.0,0.0,0.0,0.0,0.0,0.0,0.0,0.0,0.0,0.0,0.0,0.0,0.0,0.0
2015,3,0.0,0.0,0.0,0.0,0.0,0.0,0.0,0.0,0.0,0.0,0.0,0.0,0.0,0.0,0.0,0.0,0.0,0.0,0.0,0.0,0.0,0.0,0.0,0.0,0.0,0.0,0.0,0.0,0.0,0.0,0.0,0.0,0.0,0.0,0.0,0.0
2015,4,0.0,0.0,0.0,0.0,0.0,0.0,0.0,0.0,0.0,0.0,0.0,0.0,0.0,0.0,0.0,0.0,0.0,0.0,0.0,0.0,0.0,0.0,0.0,0.0,0.0,0.0,0.0,0.0,0.0,0.0,0.0,0.0,0.0,0.0,0.0,0.0
2015,5,0.0018648018648018648,0.03333333333333333,0.0,0.0076604553497226025,0.055944055944055944,1.0,0.0,0.2298136604916781,0.0,0.0,0.0,0.0,0.010042265374609793,0.17950549357115006,0.0,0.04125281455595138,0.0,0.0,0.0,0.0,0.0,0.0,0.0,0.0,0.0,0.0,0.0,0.0,0.0,0.0,0.0,0.0,0.0,0.0,0.0,0.0
2015,6,0.0648018648018648,0.4666666666666667,0.0,0.10887402982822345,0.9370629370629371,5.0,0.0,1.3443317065730718,0.0,0.0,0.0,0.0,0.20516684673908245,1.1175369742826804,0.0,0.29783699535056524,0.0,0.0,0.0,0.0,0.0,0.0,0.0,0.0,0.0,0.0,0.0,0.0,0.0,0.0,0.0,0.0,0.36608391608391533,2.6499999999999915,0.0,0.6925578766706135
2015,7,5.186480186480186,17.266666666666666,0.0,5.132401207657808,9.468531468531468,25.0,0.0,7.613756592629353,2.895104895104895,12.0,0.0,3.4290272361414416,1.6374838221226875,3.2345358588555206,0.0,1.1147030170420091,3.225174825174825,13.45,0.0,3.8122817448744906,3.9702797202797204,15.0,0.0,4.478043707494613,4.944055944055944,17.0,0.0,5.1055656231738515,6.0122377622377625,19.0,0.0,5.728435442142801,8.037062937062935,22.19999999999999,0.0,6.811705046417934
2015,8,2.0144522144522146,9.066666666666666,0.0,2.322450677083033,4.748251748251748,18.0,0.0,4.344385543987163,0.9230769230769231,5.0,0.0,1.257575217491691,1.0035900984572295,3.4634600554294765,0.0,0.8664884605544075,1.0461538461538462,5.0,0.0,1.3718329951350314,1.2902097902097902,7.0,0.0,1.7467878486398685,1.7027972027972027,8.0,0.0,2.1944285477501855,2.5262237762237763,11.0,0.0,2.9079276268145557,3.758391608391608,16.099999999999994,0.0,3.7512934180334825
2015,9,0.019580419580419582,1.0,0.0,0.08905344172441083,0.27972027972027974,3.0,0.0,0.6732199466606289,0.006993006993006993,1.0,0.0,0.0833312957189719,0.05309885828505155,0.615539510420646,0.0,0.12976375035788565,0.006993006993006993,1.0,0.0,0.0833312957189719,0.006993006993006993,1.0,0.0,0.0833312957189719,0.006993006993006993,1.0,0.0,0.0833312957189719,0.006993006993006993,1.0,0.0,0.0833312957189719,0.054195804195804095,1.0,0.0,0.206409236347427
2015,10,0.0,0.0,0.0,0.0,0.0,0.0,0.0,0.0,0.0,0.0,0.0,0.0,0.0,0.0,0.0,0.0,0.0,0.0,0.0,0.0,0.0,0.0,0.0,0.0,0.0,0.0,0.0,0.0,0.0,0.0,0.0,0.0,0.0,0.0,0.0,0.0
2015,11,0.0,0.0,0.0,0.0,0.0,0.0,0.0,0.0,0.0,0.0,0.0,0.0,0.0,0.0,0.0,0.0,0.0,0.0,0.0,0.0,0.0,0.0,0.0,0.0,0.0,0.0,0.0,0.0,0.0,0.0,0.0,0.0,0.0,0.0,0.0,0.0
2015,12,0.0,0.0,0.0,0.0,0.0,0.0,0.0,0.0,0.0,0.0,0.0,0.0,0.0,0.0,0.0,0.0,0.0,0.0,0.0,0.0,0.0,0.0,0.0,0.0,0.0,0.0,0.0,0.0,0.0,0.0,0.0,0.0,0.0,0.0,0.0,0.0
2016,1,0.0,0.0,0.0,0.0,0.0,0.0,0.0,0.0,0.0,0.0,0.0,0.0,0.0,0.0,0.0,0.0,0.0,0.0,0.0,0.0,0.0,0.0,0.0,0.0,0.0,0.0,0.0,0.0,0.0,0.0,0.0,0.0,0.0,0.0,0.0,0.0
2016,2,0.0,0.0,0.0,0.0,0.0,0.0,0.0,0.0,0.0,0.0,0.0,0.0,0.0,0.0,0.0,0.0,0.0,0.0,0.0,0.0,0.0,0.0,0.0,0.0,0.0,0.0,0.0,0.0,0.0,0.0,0.0,0.0,0.0,0.0,0.0,0.0
2016,3,0.0,0.0,0.0,0.0,0.0,0.0,0.0,0.0,0.0,0.0,0.0,0.0,0.0,0.0,0.0,0.0,0.0,0.0,0.0,0.0,0.0,0.0,0.0,0.0,0.0,0.0,0.0,0.0,0.0,0.0,0.0,0.0,0.0,0.0,0.0,0.0
2016,4,0.0,0.0,0.0,0.0,0.0,0.0,0.0,0.0,0.0,0.0,0.0,0.0,0.0,0.0,0.0,0.0,0.0,0.0,0.0,0.0,0.0,0.0,0.0,0.0,0.0,0.0,0.0,0.0,0.0,0.0,0.0,0.0,0.0,0.0,0.0,0.0
2016,5,0.0006993006993006993,0.03333333333333333,0.0,0.004777133224223589,0.02097902097902098,1.0,0.0,0.1433139967267077,0.0,0.0,0.0,0.0,0.003765849515478674,0.17950549357115012,0.0,0.025725649718081854,0.0,0.0,0.0,0.0,0.0,0.0,0.0,0.0,0.0,0.0,0.0,0.0,0.0,0.0,0.0,0.0,0.0,0.0,0.0,0.0
2016,6,0.05780885780885781,0.36666666666666664,0.0,0.09550512249051211,0.8671328671328671,4.0,0.0,1.3548037415620466,0.0,0.0,0.0,0.0,0.1890121414102599,0.9480975102218594,0.0,0.2933889094736707,0.0,0.0,0.0,0.0,0.0,0.0,0.0,0.0,0.0,0.0,0.0,0.0,0.0,0.0,0.0,0.0,0.38251748251748185,2.549999999999997,0.0,0.6828636417256844
2016,7,0.13939393939393938,1.2666666666666666,0.0,0.26085259656554355,1.1818181818181819,6.0,0.0,1.3773206158444955,0.0,0.0,0.0,0.0,0.2612457784481579,1.5648926125740672,0.0,0.314358633273723,0.003146853146853148,0.4500000000000002,0.0,0.03749908307353738,0.027972027972027972,1.0,0.0,0.16489267304267968,0.055944055944055944,1.0,0.0,0.22207614696783798,0.17307692307692307,2.0,0.0,0.41204628494379986,0.48286713286713223,4.549999999999997,0.0,0.8460336272455367
2016,8,0.08927738927738928,0.7,0.0,0.14040685684236073,1.0419580419580419,6.0,0.0,1.0503021601473321,0.0,0.0,0.0,0.0,0.24330399510759748,1.4067298564006125,0.0,0.2698004595137009,0.0,0.0,0.0,0.0,0.0,0.0,0.0,0.0,0.0,0.0,0.0,0.0,0.06993006993006994,1.0,0.0,0.2445303662224596,0.47342657342657274,3.6499999999999915,0.0,0.7574756613091079
2016,9,0.20023310023310023,2.8666666666666667,0.0,0.5110967001303889,1.3496503496503496,12.0,0.0,2.1974516113075935,0.006993006993006993,1.0,0.0,0.0833312957189719,0.318751042982634,2.753785273643051,0.0,0.5446268822029915,0.013986013986013986,1.0,0.0,0.11743255680941726,0.022727272727272728,1.0,0.0,0.14456678384215402,0.08391608391608392,2.0,0.0,0.3497552290256975,0.243006993006993,4.0,0.0,0.7543255543259422,0.7129370629370624,8.099999999999994,0.0,1.5575185716176962
2016,10,0.0,0.0,0.0,0.0,0.0,0.0,0.0,0.0,0.0,0.0,0.0,0.0,0.0,0.0,0.0,0.0,0.0,0.0,0.0,0.0,0.0,0.0,0.0,0.0,0.0,0.0,0.0,0.0,0.0,0.0,0.0,0.0,0.0,0.0,0.0,0.0
2016,11,0.0,0.0,0.0,0.0,0.0,0.0,0.0,0.0,0.0,0.0,0.0,0.0,0.0,0.0,0.0,0.0,0.0,0.0,0.0,0.0,0.0,0.0,0.0,0.0,0.0,0.0,0.0,0.0,0.0,0.0,0.0,0.0,0.0,0.0,0.0,0.0
2016,12,0.0,0.0,0.0,0.0,0.0,0.0,0.0,0.0,0.0,0.0,0.0,0.0,0.0,0.0,0.0,0.0,0.0,0.0,0.0,0.0,0.0,0.0,0.0,0.0,0.0,0.0,0.0,0.0,0.0,0.0,0.0,0.0,0.0,0.0,0.0,0.0
2017,1,0.0,0.0,0.0,0.0,0.0,0.0,0.0,0.0,0.0,0.0,0.0,0.0,0.0,0.0,0.0,0.0,0.0,0.0,0.0,0.0,0.0,0.0,0.0,0.0,0.0,0.0,0.0,0.0,0.0,0.0,0.0,0.0,0.0,0.0,0.0,0.0
2017,2,0.0,0.0,0.0,0.0,0.0,0.0,0.0,0.0,0.0,0.0,0.0,0.0,0.0,0.0,0.0,0.0,0.0,0.0,0.0,0.0,0.0,0.0,0.0,0.0,0.0,0.0,0.0,0.0,0.0,0.0,0.0,0.0,0.0,0.0,0.0,0.0
2017,3,0.0,0.0,0.0,0.0,0.0,0.0,0.0,0.0,0.0,0.0,0.0,0.0,0.0,0.0,0.0,0.0,0.0,0.0,0.0,0.0,0.0,0.0,0.0,0.0,0.0,0.0,0.0,0.0,0.0,0.0,0.0,0.0,0.0,0.0,0.0,0.0
2017,4,0.0,0.0,0.0,0.0,0.0,0.0,0.0,0.0,0.0,0.0,0.0,0.0,0.0,0.0,0.0,0.0,0.0,0.0,0.0,0.0,0.0,0.0,0.0,0.0,0.0,0.0,0.0,0.0,0.0,0.0,0.0,0.0,0.0,0.0,0.0,0.0
2017,5,0.0013986013986013986,0.03333333333333333,0.0,0.006683110110410933,0.04195804195804196,1.0,0.0,0.200493303312328,0.0,0.0,0.0,0.0,0.007531699030957343,0.17950549357115,0.0,0.03598964936878972,0.0,0.0,0.0,0.0,0.0,0.0,0.0,0.0,0.0,0.0,0.0,0.0,0.0,0.0,0.0,0.0,0.0,0.0,0.0,0.0
2017,6,0.07435897435897436,0.7,0.0,0.14184335931257777,0.7272727272727273,5.0,0.0,1.1168250339193984,0.0,0.0,0.0,0.0,0.17953901436093037,1.3453624047073716,0.0,0.2899568737442724,0.0,0.0,0.0,0.0,0.0,0.0,0.0,0.0,0.0,0.0,0.0,0.0,0.05244755244755245,1.0,0.0,0.21696642382506115,0.39335664335664305,3.549999999999997,0.0,0.7737439124389184
2017,7,0.3515151515151515,6.0,0.0,0.8492578896054749,1.93006993006993,13.0,0.0,2.1406826884739742,0.06993006993006994,2.0,0.0,0.3271053304482937,0.42928468406031295,2.780887148615228,0.0,0.4926536988841598,0.08321678321678322,2.0,0.0,0.3675159506525641,0.1486013986013986,4.0,0.0,0.5348336142793185,0.20279720279720279,6.0,0.0,0.7438271902419437,0.36713286713286714,7.0,0.0,1.0938496990741033,1.0437062937062929,10.0,0.0,1.7150492575126386
2017,8,0.9962703962703965,12.533333333333333,0.0,1.9080335821630816,2.965034965034965,20.0,0.0,3.790700043126502,0.2097902097902098,8.0,0.0,1.0367589819998178,0.7693707422911477,3.7566237797019575,0.0,0.9219436440573744,0.2534965034965035,9.0,0.0,1.149728614217899,0.42482517482517484,10.0,0.0,1.3705936915578796,0.7307692307692307,12.0,0.0,1.7548825302558888,1.4562937062937062,14.75,0.0,2.5475057534942414,2.334615384615384,18.549999999999997,0.0,3.3442008608224394
2017,9,0.03379953379953381,1.0666666666666667,0.0,0.12791958028684144,0.3356643356643357,3.0,0.0,0.5906504171686343,0.013986013986013986,1.0,0.0,0.11743255680941725,0.07072202498403797,0.5859465277082314,0.0,0.13348748256922793,0.013986013986013986,1.0,0.0,0.11743255680941725,0.013986013986013986,1.0,0.0,0.11743255680941725,0.013986013986013986,1.0,0.0,0.11743255680941725,0.013986013986013986,1.0,0.0,0.11743255680941725,0.12307692307692283,1.5499999999999972,0.0,0.3544309548771771
2017,10,0.0,0.0,0.0,0.0,0.0,0.0,0.0,0.0,0.0,0.0,0.0,0.0,0.0,0.0,0.0,0.0,0.0,0.0,0.0,0.0,0.0,0.0,0.0,0.0,0.0,0.0,0.0,0.0,0.0,0.0,0.0,0.0,0.0,0.0,0.0,0.0
2017,11,0.0,0.0,0.0,0.0,0.0,0.0,0.0,0.0,0.0,0.0,0.0,0.0,0.0,0.0,0.0,0.0,0.0,0.0,0.0,0.0,0.0,0.0,0.0,0.0,0.0,0.0,0.0,0.0,0.0,0.0,0.0,0.0,0.0,0.0,0.0,0.0
2017,12,0.0,0.0,0.0,0.0,0.0,0.0,0.0,0.0,0.0,0.0,0.0,0.0,0.0,0.0,0.0,0.0,0.0,0.0,0.0,0.0,0.0,0.0,0.0,0.0,0.0,0.0,0.0,0.0,0.0,0.0,0.0,0.0,0.0,0.0,0.0,0.0
2018,1,0.0,0.0,0.0,0.0,0.0,0.0,0.0,0.0,0.0,0.0,0.0,0.0,0.0,0.0,0.0,0.0,0.0,0.0,0.0,0.0,0.0,0.0,0.0,0.0,0.0,0.0,0.0,0.0,0.0,0.0,0.0,0.0,0.0,0.0,0.0,0.0
2018,2,0.0,0.0,0.0,0.0,0.0,0.0,0.0,0.0,0.0,0.0,0.0,0.0,0.0,0.0,0.0,0.0,0.0,0.0,0.0,0.0,0.0,0.0,0.0,0.0,0.0,0.0,0.0,0.0,0.0,0.0,0.0,0.0,0.0,0.0,0.0,0.0
2018,3,0.0,0.0,0.0,0.0,0.0,0.0,0.0,0.0,0.0,0.0,0.0,0.0,0.0,0.0,0.0,0.0,0.0,0.0,0.0,0.0,0.0,0.0,0.0,0.0,0.0,0.0,0.0,0.0,0.0,0.0,0.0,0.0,0.0,0.0,0.0,0.0
2018,4,0.0,0.0,0.0,0.0,0.0,0.0,0.0,0.0,0.0,0.0,0.0,0.0,0.0,0.0,0.0,0.0,0.0,0.0,0.0,0.0,0.0,0.0,0.0,0.0,0.0,0.0,0.0,0.0,0.0,0.0,0.0,0.0,0.0,0.0,0.0,0.0
2018,5,0.0,0.0,0.0,0.0,0.0,0.0,0.0,0.0,0.0,0.0,0.0,0.0,0.0,0.0,0.0,0.0,0.0,0.0,0.0,0.0,0.0,0.0,0.0,0.0,0.0,0.0,0.0,0.0,0.0,0.0,0.0,0.0,0.0,0.0,0.0,0.0
2018,6,0.07156177156177157,0.7666666666666667,0.0,0.14114406786569483,0.7972027972027972,5.0,0.0,1.1918102852703076,0.0,0.0,0.0,0.0,0.18348958155987466,1.1455226851626392,0.0,0.28198807890527083,0.0,0.0,0.0,0.0,0.0,0.0,0.0,0.0,0.0,0.0,0.0,0.0,0.04020979020979021,1.0,0.0,0.19308488850732483,0.3660839160839158,3.0,0.0,0.6802817546321251
2018,7,0.4435897435897435,2.433333333333333,0.0,0.49509216442001724,3.3146853146853146,9.0,0.0,2.540358381246425,0.027972027972027972,1.0,0.0,0.16489267304267968,0.8090984425527313,2.4177583741051456,0.0,0.6507827736021079,0.027972027972027972,1.0,0.0,0.16489267304267968,0.03496503496503497,1.0,0.0,0.18369126624564613,0.06643356643356643,2.0,0.0,0.26601016226028296,0.4737762237762238,3.75,0.0,0.7044521793572114,2.074125874125872,7.099999999999994,0.0,1.9887520522715851
2018,8,4.876223776223776,13.333333333333334,0.0,3.806891927041585,9.321678321678322,19.0,0.0,5.9055519671223955,2.3776223776223775,9.0,0.0,2.3617114684479437,1.7983654559874542,3.373260868786891,0.0,1.0569339373578164,2.7454545454545456,10.0,0.0,2.632913706067523,3.585664335664336,12.0,0.0,3.1734674864144194,4.454545454545454,13.0,0.0,3.6680004894480622,5.90034965034965,15.0,0.0,4.501955660915546,8.074475524475522,18.0,0.0,5.47486905400411
2018,9,0.06993006993006994,0.6333333333333333,0.0,0.10660507293009927,0.7762237762237763,4.0,0.0,0.9417999462387915,0.0,0.0,0.0,0.0,0.19006688644369255,0.7916228058025273,0.0,0.23419186503559733,0.0,0.0,0.0,0.0,0.0,0.0,0.0,0.0,0.0,0.0,0.0,0.0,0.012237762237762238,1.0,0.0,0.103811418456668,0.41398601398601353,2.0999999999999943,0.0,0.6227731123408755
2018,10,0.0,0.0,0.0,0.0,0.0,0.0,0.0,0.0,0.0,0.0,0.0,0.0,0.0,0.0,0.0,0.0,0.0,0.0,0.0,0.0,0.0,0.0,0.0,0.0,0.0,0.0,0.0,0.0,0.0,0.0,0.0,0.0,0.0,0.0,0.0,0.0
2018,11,0.0,0.0,0.0,0.0,0.0,0.0,0.0,0.0,0.0,0.0,0.0,0.0,0.0,0.0,0.0,0.0,0.0,0.0,0.0,0.0,0.0,0.0,0.0,0.0,0.0,0.0,0.0,0.0,0.0,0.0,0.0,0.0,0.0,0.0,0.0,0.0
2018,12,0.0,0.0,0.0,0.0,0.0,0.0,0.0,0.0,0.0,0.0,0.0,0.0,0.0,0.0,0.0,0.0,0.0,0.0,0.0,0.0,0.0,0.0,0.0,0.0,0.0,0.0,0.0,0.0,0.0,0.0,0.0,0.0,0.0,0.0,0.0,0.0
2019,1,0.0,0.0,0.0,0.0,0.0,0.0,0.0,0.0,0.0,0.0,0.0,0.0,0.0,0.0,0.0,0.0,0.0,0.0,0.0,0.0,0.0,0.0,0.0,0.0,0.0,0.0,0.0,0.0,0.0,0.0,0.0,0.0,0.0,0.0,0.0,0.0
2019,2,0.0,0.0,0.0,0.0,0.0,0.0,0.0,0.0,0.0,0.0,0.0,0.0,0.0,0.0,0.0,0.0,0.0,0.0,0.0,0.0,0.0,0.0,0.0,0.0,0.0,0.0,0.0,0.0,0.0,0.0,0.0,0.0,0.0,0.0,0.0,0.0
2019,3,0.0,0.0,0.0,0.0,0.0,0.0,0.0,0.0,0.0,0.0,0.0,0.0,0.0,0.0,0.0,0.0,0.0,0.0,0.0,0.0,0.0,0.0,0.0,0.0,0.0,0.0,0.0,0.0,0.0,0.0,0.0,0.0,0.0,0.0,0.0,0.0
2019,4,0.0,0.0,0.0,0.0,0.0,0.0,0.0,0.0,0.0,0.0,0.0,0.0,0.0,0.0,0.0,0.0,0.0,0.0,0.0,0.0,0.0,0.0,0.0,0.0,0.0,0.0,0.0,0.0,0.0,0.0,0.0,0.0,0.0,0.0,0.0,0.0
2019,5,0.0032634032634032634,0.03333333333333333,0.0,0.00990607429411458,0.0979020979020979,1.0,0.0,0.2971822288234375,0.0,0.0,0.0,0.0,0.017573964405567147,0.17950549357115014,0.0,0.053345842665525625,0.0,0.0,0.0,0.0,0.0,0.0,0.0,0.0,0.0,0.0,0.0,0.0,0.0,0.0,0.0,0.0,0.0,0.0,0.0,0.0
2019,6,0.2536130536130536,2.3,0.0,0.5082540916499,1.1118881118881119,6.0,0.0,1.5103600048082602,0.02097902097902098,1.0,0.0,0.1433139967267077,0.28136308935440024,1.4019827229875392,0.0,0.37962317530399936,0.04825174825174825,1.4500000000000002,0.0,0.22080689498873443,0.0979020979020979,2.0,0.0,0.37981749969231526,0.13636363636363635,2.0,0.0,0.4471425133099675,0.3531468531468531,3.0,0.0,0.7110077744703148,0.7468531468531465,4.0,0.0,1.165278813288857
2019,7,1.0107226107226106,7.433333333333334,0.0,1.3283800850388854,2.3916083916083917,11.0,0.0,2.4324006531720794,0.3916083916083916,5.0,0.0,0.784776169906208,0.5182292315641069,2.0121851030382096,0.0,0.47679754555776727,0.4695804195804195,5.0,0.0,0.8424289508551953,0.6643356643356644,6.0,0.0,1.0794913069288925,0.9125874125874126,8.0,0.0,1.347510895313433,1.2167832167832169,8.0,0.0,1.5105218851749382,1.9108391608391604,10.0,0.0,2.1073559134988886
2019,8,0.2601398601398602,3.6666666666666665,0.0,0.5630593910725925,1.6363636363636365,9.0,0.0,1.7642346328639416,0.027972027972027972,2.0,0.0,0.20291773606359315,0.38434286247436855,1.9720265943665385,0.0,0.40101375611876094,0.04825174825174825,2.0,0.0,0.27699767660865676,0.06468531468531469,2.25,0.0,0.3288479662233547,0.11888111888111888,3.0,0.0,0.4945791527297042,0.2762237762237762,4.0,0.0,0.726444357449114,0.9307692307692299,8.0,0.0,1.358319651413793
2019,9,0.1358974358974359,1.2,0.0,0.2969954942266616,0.7762237762237763,4.0,0.0,1.033830411892382,0.06993006993006994,1.0,0.0,0.25502912627706953,0.1737129667012948,1.2202003478482082,0.0,0.2423230572943766,0.06993006993006994,1.0,0.0,0.25502912627706953,0.07692307692307693,1.0,0.0,0.2664693550105965,0.07692307692307693,1.0,0.0,0.2664693550105965,0.08216783216783216,1.0,0.0,0.2722225022173632,0.4482517482517478,3.0,0.0,0.722863686078357
2019,10,0.0002331002331002331,0.03333333333333333,0.0,0.0027777098572990635,0.006993006993006993,1.0,0.0,0.0833312957189719,0.0,0.0,0.0,0.0,0.0012552831718262243,0.1795054935711501,0.0,0.014958425367957518,0.0,0.0,0.0,0.0,0.0,0.0,0.0,0.0,0.0,0.0,0.0,0.0,0.0,0.0,0.0,0.0,0.0,0.0,0.0,0.0
2019,11,0.0,0.0,0.0,0.0,0.0,0.0,0.0,0.0,0.0,0.0,0.0,0.0,0.0,0.0,0.0,0.0,0.0,0.0,0.0,0.0,0.0,0.0,0.0,0.0,0.0,0.0,0.0,0.0,0.0,0.0,0.0,0.0,0.0,0.0,0.0,0.0
2019,12,0.0,0.0,0.0,0.0,0.0,0.0,0.0,0.0,0.0,0.0,0.0,0.0,0.0,0.0,0.0,0.0,0.0,0.0,0.0,0.0,0.0,0.0,0.0,0.0,0.0,0.0,0.0,0.0,0.0,0.0,0.0,0.0,0.0,0.0,0.0,0.0
2020,11,0.0,0.0,0.0,0.0,0.0,0.0,0.0,0.0,0.0,0.0,0.0,0.0,0.0,0.0,0.0,0.0,0.0,0.0,0.0,0.0,0.0,0.0,0.0,0.0,0.0,0.0,0.0,0.0,0.0,0.0,0.0,0.0,0.0,0.0,0.0,0.0
2020,12,0.0,0.0,0.0,0.0,0.0,0.0,0.0,0.0,0.0,0.0,0.0,0.0,0.0,0.0,0.0,0.0,0.0,0.0,0.0,0.0,0.0,0.0,0.0,0.0,0.0,0.0,0.0,0.0,0.0,0.0,0.0,0.0,0.0,0.0,0.0,0.0
2021,1,0.0,0.0,0.0,0.0,0.0,0.0,0.0,0.0,0.0,0.0,0.0,0.0,0.0,0.0,0.0,0.0,0.0,0.0,0.0,0.0,0.0,0.0,0.0,0.0,0.0,0.0,0.0,0.0,0.0,0.0,0.0,0.0,0.0,0.0,0.0,0.0
2021,2,0.0,0.0,0.0,0.0,0.0,0.0,0.0,0.0,0.0,0.0,0.0,0.0,0.0,0.0,0.0,0.0,0.0,0.0,0.0,0.0,0.0,0.0,0.0,0.0,0.0,0.0,0.0,0.0,0.0,0.0,0.0,0.0,0.0,0.0,0.0,0.0
2021,3,0.0,0.0,0.0,0.0,0.0,0.0,0.0,0.0,0.0,0.0,0.0,0.0,0.0,0.0,0.0,0.0,0.0,0.0,0.0,0.0,0.0,0.0,0.0,0.0,0.0,0.0,0.0,0.0,0.0,0.0,0.0,0.0,0.0,0.0,0.0,0.0
2021,4,0.0,0.0,0.0,0.0,0.0,0.0,0.0,0.0,0.0,0.0,0.0,0.0,0.0,0.0,0.0,0.0,0.0,0.0,0.0,0.0,0.0,0.0,0.0,0.0,0.0,0.0,0.0,0.0,0.0,0.0,0.0,0.0,0.0,0.0,0.0,0.0
2021,5,0.005314685314685315,0.14,0.0,0.021671553195559523,0.13986013986013987,3.0,0.0,0.4818582706839781,0.0,0.0,0.0,0.0,0.022918865188357042,0.49030602688525066,0.0,0.08080390506048188,0.0,0.0,0.0,0.0,0.0,0.0,0.0,0.0,0.0,0.0,0.0,0.0,0.0,0.0,0.0,0.0,0.02867132867132863,1.0,0.0,0.15616576168293364
2021,6,0.022797202797202803,0.46,0.0,0.06033015915828309,0.42657342657342656,5.0,0.0,0.8235137958050643,0.0,0.0,0.0,0.0,0.0816948971390628,1.0432641084595977,0.0,0.16705616409835386,0.0,0.0,0.0,0.0,0.0,0.0,0.0,0.0,0.0,0.0,0.0,0.0,0.0,0.0,0.0,0.0,0.11923076923076902,2.549999999999997,0.0,0.37016926183828053
2021,7,0.24825174825174826,5.04,0.0,0.5941737104258984,2.020979020979021,13.0,0.0,1.9592653520744967,0.027972027972027972,1.0,0.0,0.16489267304267965,0.39162821551288046,2.9594594100950258,0.0,0.4395620017717744,0.03496503496503497,1.0,0.0,0.1836912662456461,0.07692307692307693,3.0,0.0,0.33610111442511653,0.13636363636363635,5.0,0.0,0.5457458429628689,0.23601398601398602,7.0,0.0,0.8240146816705315,0.8335664335664331,10.0,0.0,1.3692396979644161
2021,8,0.256923076923077,6.42,0.0,0.7270221192749282,2.027972027972028,15.0,0.0,2.4973946030640355,0.0,0.0,0.0,0.0,0.40786334641757827,3.2746908251008984,0.0,0.5299953236554141,0.017132867132867134,1.4500000000000002,0.0,0.14629514366379945,0.055944055944055944,4.0,0.0,0.4227155597120955,0.14685314685314685,6.5,0.0,0.6866157195013242,0.2692307692307692,7.75,0.0,0.9689573929038596,0.9346153846153841,12.099999999999994,0.0,1.6677969092166716
2021,9,0.037482517482517484,0.48,0.0,0.07301181561115372,0.7902097902097902,4.0,0.0,0.9669586583185232,0.0,0.0,0.0,0.0,0.14409515161844352,1.0438390680559915,0.0,0.19696352260786706,0.0,0.0,0.0,0.0,0.0,0.0,0.0,0.0,0.0,0.0,0.0,0.0,0.0,0.0,0.0,0.0,0.19755244755244725,3.0,0.0,0.4951629198347992
2021,10,0.0,0.0,0.0,0.0,0.0,0.0,0.0,0.0,0.0,0.0,0.0,0.0,0.0,0.0,0.0,0.0,0.0,0.0,0.0,0.0,0.0,0.0,0.0,0.0,0.0,0.0,0.0,0.0,0.0,0.0,0.0,0.0,0.0,0.0,0.0,0.0
2021,11,0.0,0.0,0.0,0.0,0.0,0.0,0.0,0.0,0.0,0.0,0.0,0.0,0.0,0.0,0.0,0.0,0.0,0.0,0.0,0.0,0.0,0.0,0.0,0.0,0.0,0.0,0.0,0.0,0.0,0.0,0.0,0.0,0.0,0.0,0.0,0.0
2021,12,0.0,0.0,0.0,0.0,0.0,0.0,0.0,0.0,0.0,0.0,0.0,0.0,0.0,0.0,0.0,0.0,0.0,0.0,0.0,0.0,0.0,0.0,0.0,0.0,0.0,0.0,0.0,0.0,0.0,0.0,0.0,0.0,0.0,0.0,0.0,0.0
2022,1,0.0,0.0,0.0,0.0,0.0,0.0,0.0,0.0,0.0,0.0,0.0,0.0,0.0,0.0,0.0,0.0,0.0,0.0,0.0,0.0,0.0,0.0,0.0,0.0,0.0,0.0,0.0,0.0,0.0,0.0,0.0,0.0,0.0,0.0,0.0,0.0
2022,2,0.0,0.0,0.0,0.0,0.0,0.0,0.0,0.0,0.0,0.0,0.0,0.0,0.0,0.0,0.0,0.0,0.0,0.0,0.0,0.0,0.0,0.0,0.0,0.0,0.0,0.0,0.0,0.0,0.0,0.0,0.0,0.0,0.0,0.0,0.0,0.0
2022,3,0.00013986013986013986,0.02,0.0,0.0016666259143794384,0.006993006993006993,1.0,0.0,0.08333129571897192,0.0,0.0,0.0,0.0,0.0009790209790209782,0.13999999999999987,0.0,0.011666381400656059,0.0,0.0,0.0,0.0,0.0,0.0,0.0,0.0,0.0,0.0,0.0,0.0,0.0,0.0,0.0,0.0,0.0,0.0,0.0,0.0
2022,4,0.0,0.0,0.0,0.0,0.0,0.0,0.0,0.0,0.0,0.0,0.0,0.0,0.0,0.0,0.0,0.0,0.0,0.0,0.0,0.0,0.0,0.0,0.0,0.0,0.0,0.0,0.0,0.0,0.0,0.0,0.0,0.0,0.0,0.0,0.0,0.0
2022,5,0.0015384615384615385,0.08,0.0,0.007872026450053308,0.055944055944055944,1.0,0.0,0.22981366049167803,0.0,0.0,0.0,0.0,0.008750302093181889,0.2712931993250109,0.0,0.037383928196538276,0.0,0.0,0.0,0.0,0.0,0.0,0.0,0.0,0.0,0.0,0.0,0.0,0.0,0.0,0.0,0.0,0.006993006993006993,1.0,0.0,0.08333129571897191
2022,6,0.11244755244755243,2.5,0.0,0.30363581604895656,1.055944055944056,11.0,0.0,1.590075090702656,0.0,0.0,0.0,0.0,0.2152310888307076,1.8466185312619388,0.0,0.3301155520442007,0.006993006993006993,1.0,0.0,0.08333129571897191,0.013986013986013986,1.0,0.0,0.11743255680941726,0.04195804195804196,2.0,0.0,0.23277366401529004,0.11363636363636363,3.75,0.0,0.464403588426511,0.48041958041958016,5.0,0.0,0.9173166051163584
2022,7,1.895804195804196,12.22,0.0,1.9266476601641416,7.538461538461538,19.0,0.0,4.430929484281436,0.04195804195804196,4.0,0.0,0.3522976704282517,1.772394607041071,4.03985148241863,0.0,1.1072484703595422,0.07937062937062939,6.0,0.0,0.5572575414733968,0.5611888111888111,10.0,0.0,1.3419719805264816,1.493006993006993,13.0,0.0,2.02258749841936,2.6695804195804196,15.0,0.0,2.648327318552228,5.13181818181818,18.0,0.0,3.8647164265766296
2022,8,3.8648951048951052,19.64,0.0,3.8631515210138603,8.587412587412587,26.0,0.0,5.934760316860557,2.0489510489510487,11.0,0.0,2.3926714195809087,1.3830668658881298,3.612478373637689,0.0,0.8583828687581616,2.3727272727272726,15.0,0.0,2.776359537643349,2.9475524475524475,18.0,0.0,3.336313911037677,3.562937062937063,19.5,0.0,3.787108761609931,4.4178321678321675,22.0,0.0,4.42564603791935,6.3227272727272705,25.0,0.0,5.270015881110634
2022,9,1.269090909090909,4.46,0.0,1.256289858479624,2.6083916083916083,9.0,0.0,2.3594326834859283,0.958041958041958,4.0,0.0,1.0569392799949133,0.3445094964724956,1.4725488107359974,0.0,0.32668485892379173,1.020979020979021,4.0,0.0,1.0997045468983802,1.1031468531468531,4.0,0.0,1.1592319736118148,1.1993006993006994,4.0,0.0,1.2134731119790065,1.298951048951049,5.0,0.0,1.29356217303456,1.7506993006993004,7.549999999999997,0.0,1.7785727956145647
2022,10,0.0,0.0,0.0,0.0,0.0,0.0,0.0,0.0,0.0,0.0,0.0,0.0,0.0,0.0,0.0,0.0,0.0,0.0,0.0,0.0,0.0,0.0,0.0,0.0,0.0,0.0,0.0,0.0,0.0,0.0,0.0,0.0,0.0,0.0,0.0,0.0
2022,11,0.0,0.0,0.0,0.0,0.0,0.0,0.0,0.0,0.0,0.0,0.0,0.0,0.0,0.0,0.0,0.0,0.0,0.0,0.0,0.0,0.0,0.0,0.0,0.0,0.0,0.0,0.0,0.0,0.0,0.0,0.0,0.0,0.0,0.0,0.0,0.0
2022,12,0.0,0.0,0.0,0.0,0.0,0.0,0.0,0.0,0.0,0.0,0.0,0.0,0.0,0.0,0.0,0.0,0.0,0.0,0.0,0.0,0.0,0.0,0.0,0.0,0.0,0.0,0.0,0.0,0.0,0.0,0.0,0.0,0.0,0.0,0.0,0.0
2023,1,0.0,0.0,0.0,0.0,0.0,0.0,0.0,0.0,0.0,0.0,0.0,0.0,0.0,0.0,0.0,0.0,0.0,0.0,0.0,0.0,0.0,0.0,0.0,0.0,0.0,0.0,0.0,0.0,0.0,0.0,0.0,0.0,0.0,0.0,0.0,0.0
2023,2,0.0,0.0,0.0,0.0,0.0,0.0,0.0,0.0,0.0,0.0,0.0,0.0,0.0,0.0,0.0,0.0,0.0,0.0,0.0,0.0,0.0,0.0,0.0,0.0,0.0,0.0,0.0,0.0,0.0,0.0,0.0,0.0,0.0,0.0,0.0,0.0
2023,3,0.0,0.0,0.0,0.0,0.0,0.0,0.0,0.0,0.0,0.0,0.0,0.0,0.0,0.0,0.0,0.0,0.0,0.0,0.0,0.0,0.0,0.0,0.0,0.0,0.0,0.0,0.0,0.0,0.0,0.0,0.0,0.0,0.0,0.0,0.0,0.0
2023,4,0.0,0.0,0.0,0.0,0.0,0.0,0.0,0.0,0.0,0.0,0.0,0.0,0.0,0.0,0.0,0.0,0.0,0.0,0.0,0.0,0.0,0.0,0.0,0.0,0.0,0.0,0.0,0.0,0.0,0.0,0.0,0.0,0.0,0.0,0.0,0.0
2023,5,0.0013986013986013986,0.04,0.0,0.0060995699265332945,0.06293706293706294,2.0,0.0,0.270114796025566,0.0,0.0,0.0,0.0,0.009202511744214364,0.2799999999999999,0.0,0.03942682610556466,0.0,0.0,0.0,0.0,0.0,0.0,0.0,0.0,0.0,0.0,0.0,0.0,0.0,0.0,0.0,0.0,0.0,0.0,0.0,0.0
2023,6,0.11692307692307692,1.76,0.0,0.2709042892664863,1.2517482517482517,5.0,0.0,1.2259920000453777,0.0,0.0,0.0,0.0,0.2441075991519112,1.4499655168313486,0.0,0.28221453979172706,0.0,0.0,0.0,0.0,0.008741258741258742,1.0,0.0,0.08575348579322183,0.04895104895104895,2.0,0.0,0.2729961020411627,0.1381118881118881,3.0,0.0,0.4643575169683016,0.39580419580419557,4.0,0.0,0.7624375820720155
2023,7,1.103076923076923,5.98,0.0,1.1250319223251724,4.874125874125874,12.0,0.0,3.40478300524821,0.013986013986013986,2.0,0.0,0.16666259143794385,1.1436332178867457,2.963038980506332,0.0,0.7919028071379721,0.040559440559440565,2.0,0.0,0.22862855398569343,0.2517482517482518,4.0,0.0,0.6567937747093403,0.7972027972027972,6.0,0.0,1.0874969049674825,1.5874125874125875,8.0,0.0,1.599076093951489,3.261538461538461,12.0,0.0,2.5560342172688886
2023,8,0.6025174825174826,4.96,0.0,0.9682624250791908,2.2587412587412588,12.0,0.0,2.5162778780624344,0.1048951048951049,1.0,0.0,0.3064182139889041,0.5005656851471797,3.0499836065133197,0.0,0.533028432204558,0.15,2.0,0.0,0.40954520230039654,0.27972027972027974,3.0,0.0,0.6371987910997187,0.486013986013986,4.0,0.0,0.9367106111468796,0.7762237762237763,6.0,0.0,1.2483252020463507,1.4629370629370624,11.0,0.0,1.9331820328832723
2023,9,0.8025174825174824,4.54,0.0,1.2359031512803547,2.013986013986014,12.0,0.0,2.3174196344301032,0.44755244755244755,3.0,0.0,0.8981591249232068,0.3249897120555676,1.4506550244630856,0.0,0.3187977990958985,0.5097902097902098,4.0,0.0,0.9955892014711539,0.6293706293706294,4.0,0.0,1.1010377919386902,0.7657342657342657,4.0,0.0,1.2216064681196368,0.8951048951048951,5.0,0.0,1.364322043854261,1.1993006993006992,6.0,0.0,1.65661405896158
2023,10,0.03034965034965035,0.78,0.0,0.09245231307103915,0.21678321678321677,2.0,0.0,0.4286890104613735,0.0,0.0,0.0,0.0,0.061848708478864034,0.48989794855663565,0.0,0.13166463617971097,0.0,0.0,0.0,0.0,0.006993006993006993,1.0,0.0,0.08333129571897192,0.006993006993006993,1.0,0.0,0.08333129571897192,0.02097902097902098,1.0,0.0,0.1433139967267077,0.11958041958041954,1.0,0.0,0.3190915297713994
2023,11,0.0,0.0,0.0,0.0,0.0,0.0,0.0,0.0,0.0,0.0,0.0,0.0,0.0,0.0,0.0,0.0,0.0,0.0,0.0,0.0,0.0,0.0,0.0,0.0,0.0,0.0,0.0,0.0,0.0,0.0,0.0,0.0,0.0,0.0,0.0,0.0
2023,12,0.0,0.0,0.0,0.0,0.0,0.0,0.0,0.0,0.0,0.0,0.0,0.0,0.0,0.0,0.0,0.0,0.0,0.0,0.0,0.0,0.0,0.0,0.0,0.0,0.0,0.0,0.0,0.0,0.0,0.0,0.0,0.0,0.0,0.0,0.0,0.0
2024,1,0.0,0.0,0.0,0.0,0.0,0.0,0.0,0.0,0.0,0.0,0.0,0.0,0.0,0.0,0.0,0.0,0.0,0.0,0.0,0.0,0.0,0.0,0.0,0.0,0.0,0.0,0.0,0.0,0.0,0.0,0.0,0.0,0.0,0.0,0.0,0.0
2024,2,0.0,0.0,0.0,0.0,0.0,0.0,0.0,0.0,0.0,0.0,0.0,0.0,0.0,0.0,0.0,0.0,0.0,0.0,0.0,0.0,0.0,0.0,0.0,0.0,0.0,0.0,0.0,0.0,0.0,0.0,0.0,0.0,0.0,0.0,0.0,0.0
2024,3,0.0,0.0,0.0,0.0,0.0,0.0,0.0,0.0,0.0,0.0,0.0,0.0,0.0,0.0,0.0,0.0,0.0,0.0,0.0,0.0,0.0,0.0,0.0,0.0,0.0,0.0,0.0,0.0,0.0,0.0,0.0,0.0,0.0,0.0,0.0,0.0
